Timestamp,ESP32_Data,Manual
2354196.2579699,"91810001,ECG,,,,,,,,,971",0
2354196.4839948,"91812003,ECG,,,,,,,,,1406",0
2354196.4859023,"91818086,IMU,0.000,-0.039,0.874,1.461,1.600,2.852,89.809,-0.001,299.844",0
2354196.4866694,"91818721,ECG,,,,,,,,,3613",0
2354196.4874312,"91819061,ECG,,,,,,,,,3624",0
2354196.4881839,"91819214,ECG,,,,,,,,,3626",0
2354196.488943,"91820003,ECG,,,,,,,,,3594",0
2354196.4896996,"91822002,ECG,,,,,,,,,3131",0
2354196.4904525,"91824001,ECG,,,,,,,,,2349",0
2354196.4912094,"91826000,ECG,,,,,,,,,1550",0
2354196.4919692,"91828000,ECG,,,,,,,,,1039",0
2354196.4926918,"91830003,ECG,,,,,,,,,989",0
2354196.4934949,"91832004,ECG,,,,,,,,,1432",0
2354196.4953311,"91838083,IMU,0.008,-0.043,0.877,1.043,3.061,3.061,89.808,-0.001,299.908",0
2354196.4960764,"91838729,ECG,,,,,,,,,3624",0
2354196.4968166,"91839056,ECG,,,,,,,,,3630",0
2354196.4975593,"91839202,ECG,,,,,,,,,3631",0
2354196.4983045,"91840000,ECG,,,,,,,,,3594",0
2354196.4990447,"91842003,ECG,,,,,,,,,3112",0
2354196.4997905,"91844002,ECG,,,,,,,,,2315",0
2354196.5005328,"91846003,ECG,,,,,,,,,1510",0
2354196.5012573,"91848003,ECG,,,,,,,,,999",0
2354196.5019811,"91850001,ECG,,,,,,,,,943",0
2354196.502718,"91852000,ECG,,,,,,,,,1383",0
2354196.5046006,"91858094,IMU,0.000,-0.043,0.874,0.835,1.113,2.922,89.808,-45.008,298.451",0
2354196.5053622,"91858737,ECG,,,,,,,,,3593",0
2354196.5061193,"91859065,ECG,,,,,,,,,3597",0
2354196.5068808,"91859211,ECG,,,,,,,,,3598",0
2354196.5076283,"91860002,ECG,,,,,,,,,3566",0
2354196.5084467,"91862001,ECG,,,,,,,,,3100",0
2354196.5092096,"91864000,ECG,,,,,,,,,2327",0
2354196.5099517,"91866000,ECG,,,,,,,,,1519",0
2354196.5115599,"91868003,ECG,,,,,,,,,1006",0
2354196.5122939,"91870002,ECG,,,,,,,,,953",0
2354196.5130422,"91872001,ECG,,,,,,,,,1374",0
2354196.5148938,"91878087,IMU,0.000,-0.043,0.881,0.904,1.739,2.783,89.810,-0.001,298.630",0
2354196.5156362,"91878719,ECG,,,,,,,,,3597",0
2354196.5163863,"91879056,ECG,,,,,,,,,3610",0
2354196.5171369,"91879209,ECG,,,,,,,,,3611",0
2354196.5178818,"91880002,ECG,,,,,,,,,3580",0
2354196.5186247,"91882001,ECG,,,,,,,,,3117",0
2354196.5193651,"91884000,ECG,,,,,,,,,2347",0
2354196.5201132,"91886000,ECG,,,,,,,,,1544",0
2354196.5208618,"91888003,ECG,,,,,,,,,1021",0
2354196.5215799,"91890002,ECG,,,,,,,,,953",0
2354196.5223299,"91892003,ECG,,,,,,,,,1358",0
2354196.524271,"91898054,IMU,0.000,-0.043,0.881,0.626,0.904,3.130,89.809,-0.000,298.630",0
2354196.5250399,"91898669,ECG,,,,,,,,,3517",0
2354196.5257947,"91899005,ECG,,,,,,,,,3528",0
2354196.5265367,"91899166,ECG,,,,,,,,,3531",0
2354196.5274754,"91900002,ECG,,,,,,,,,3503",0
2354196.5282334,"91902001,ECG,,,,,,,,,3053",0
2354196.5289821,"91904000,ECG,,,,,,,,,2296",0
2354196.5297324,"91906001,ECG,,,,,,,,,1502",0
2354196.5304785,"91908001,ECG,,,,,,,,,1002",0
2354196.5312004,"91910000,ECG,,,,,,,,,953",0
2354196.5319501,"91912003,ECG,,,,,,,,,1389",0
2354196.5338279,"91918096,IMU,-0.004,-0.043,0.877,1.530,1.113,2.922,89.810,-45.008,298.630",0
2354196.5345733,"91918750,ECG,,,,,,,,,3581",0
2354196.535303,"91919077,ECG,,,,,,,,,3592",0
2354196.5360429,"91919223,ECG,,,,,,,,,3594",0
2354196.5367795,"91920001,ECG,,,,,,,,,3552",0
2354196.5375096,"91922000,ECG,,,,,,,,,3099",0
2354196.5382445,"91924003,ECG,,,,,,,,,2328",0
2354196.5391666,"91926002,ECG,,,,,,,,,1532",0
2354196.5399749,"91928002,ECG,,,,,,,,,1022",0
2354196.5407029,"91930001,ECG,,,,,,,,,959",0
2354196.5414593,"91932004,ECG,,,,,,,,,1383",0
2354196.5433026,"91938058,IMU,0.000,-0.047,0.877,1.391,1.461,2.643,89.810,-0.000,298.630",0
2354196.5440561,"91938667,ECG,,,,,,,,,3530",0
2354196.5447974,"91939006,ECG,,,,,,,,,3543",0
2354196.5455412,"91939168,ECG,,,,,,,,,3544",0
2354196.5462836,"91940004,ECG,,,,,,,,,3515",0
2354196.5470391,"91942003,ECG,,,,,,,,,3051",0
2354196.5477882,"91944002,ECG,,,,,,,,,2279",0
2354196.548529,"91946001,ECG,,,,,,,,,1468",0
2354196.5492537,"91948001,ECG,,,,,,,,,958",0
2354196.5499816,"91950003,ECG,,,,,,,,,907",0
2354196.5507157,"91952000,ECG,,,,,,,,,1336",0
2354196.5525518,"91958057,IMU,0.000,-0.039,0.874,1.322,1.252,3.200,89.811,-0.000,298.630",0
2354196.5532957,"91958668,ECG,,,,,,,,,3533",0
2354196.5542751,"91959004,ECG,,,,,,,,,3544",0
2354196.5551597,"91959165,ECG,,,,,,,,,3548",0
2354196.555903,"91960001,ECG,,,,,,,,,3529",0
2354196.5566576,"91962000,ECG,,,,,,,,,3069",0
2354196.5573973,"91964003,ECG,,,,,,,,,2302",0
2354196.5581467,"91966000,ECG,,,,,,,,,1503",0
2354196.5588704,"91968004,ECG,,,,,,,,,986",0
2354196.559584,"91970002,ECG,,,,,,,,,923",0
2354196.5603279,"91972001,ECG,,,,,,,,,1354",0
2354196.5621609,"91978055,IMU,0.000,-0.039,0.877,1.183,1.043,2.713,89.810,-0.000,298.674",0
2354196.5629091,"91978665,ECG,,,,,,,,,3565",0
2354196.5636497,"91979004,ECG,,,,,,,,,3575",0
2354196.5643878,"91979165,ECG,,,,,,,,,3579",0
2354196.5651323,"91980000,ECG,,,,,,,,,3546",0
2354196.5658761,"91982000,ECG,,,,,,,,,3071",0
2354196.5666176,"91984003,ECG,,,,,,,,,2286",0
2354196.5673696,"91986002,ECG,,,,,,,,,1481",0
2354196.568088,"91988001,ECG,,,,,,,,,957",0
2354196.5688372,"91990000,ECG,,,,,,,,,890",0
2354196.5696909,"91992003,ECG,,,,,,,,,1306",0
2354196.5717575,"91998056,IMU,0.000,-0.043,0.881,1.530,0.904,3.061,89.809,-0.000,298.766",0
2354196.5725553,"91998664,ECG,,,,,,,,,3496",0
2354196.5733,"91999003,ECG,,,,,,,,,3500",0
2354196.5740602,"91999164,ECG,,,,,,,,,3511",0
2354196.5748081,"92000003,ECG,,,,,,,,,3484",0
2354196.5755595,"92002003,ECG,,,,,,,,,3033",0
2354196.5763097,"92004002,ECG,,,,,,,,,2269",0
2354196.5770589,"92006001,ECG,,,,,,,,,1481",0
2354196.5777919,"92008000,ECG,,,,,,,,,975",0
2354196.5785431,"92010003,ECG,,,,,,,,,923",0
2354196.5793198,"92012004,ECG,,,,,,,,,1354",0
2354196.5811806,"92018058,IMU,0.000,-0.043,0.881,1.322,1.043,2.991,89.809,-0.000,299.656",0
2354196.5819387,"92018669,ECG,,,,,,,,,3546",0
2354196.5826831,"92019007,ECG,,,,,,,,,3550",0
2354196.5834361,"92019168,ECG,,,,,,,,,3551",0
2354196.5842082,"92020003,ECG,,,,,,,,,3530",0
2354196.5849605,"92022002,ECG,,,,,,,,,3080",0
2354196.5857017,"92024001,ECG,,,,,,,,,2312",0
2354196.5867274,"92026003,ECG,,,,,,,,,1502",0
2354196.5878037,"92028002,ECG,,,,,,,,,987",0
2354196.5885322,"92030000,ECG,,,,,,,,,925",0
2354196.5893325,"92032003,ECG,,,,,,,,,1343",0
2354196.5911961,"92038057,IMU,0.000,-0.051,0.881,1.391,0.696,2.713,89.809,-0.000,298.777",0
2354196.5920134,"92038669,ECG,,,,,,,,,3503",0
2354196.5928832,"92039007,ECG,,,,,,,,,3512",0
2354196.5937918,"92039169,ECG,,,,,,,,,3514",0
2354196.5945335,"92040000,ECG,,,,,,,,,3487",0
2354196.5953131,"92042000,ECG,,,,,,,,,3038",0
2354196.5960685,"92044003,ECG,,,,,,,,,2280",0
2354196.596829,"92046002,ECG,,,,,,,,,1483",0
2354196.5975818,"92048002,ECG,,,,,,,,,973",0
2354196.5983158,"92050000,ECG,,,,,,,,,920",0
2354196.5992344,"92054807,ECG,,,,,,,,,2476",0
2354196.601273,"92060028,IMU,0.000,-0.047,0.885,1.252,0.974,2.574,89.808,-0.000,299.499",0
2354196.6020522,"92060663,ECG,,,,,,,,,3433",0
2354196.6027934,"92060978,ECG,,,,,,,,,3390",0
2354196.6035353,"92061124,ECG,,,,,,,,,3357",0
2354196.6042748,"92061287,ECG,,,,,,,,,3311",0
2354196.6050317,"92062002,ECG,,,,,,,,,3104",0
2354196.6057794,"92064000,ECG,,,,,,,,,2334",0
2354196.6066092,"92066000,ECG,,,,,,,,,1534",0
2354196.6074366,"92068003,ECG,,,,,,,,,1021",0
2354196.608202,"92070003,ECG,,,,,,,,,954",0
2354196.6089451,"92072003,ECG,,,,,,,,,1369",0
2354196.6097069,"92074002,ECG,,,,,,,,,2136",0
2354196.6115706,"92079201,IMU,0.000,-0.039,0.877,1.043,0.765,2.574,89.810,-0.000,297.775",0
2354196.6123321,"92079837,ECG,,,,,,,,,3499",0
2354196.613143,"92080151,ECG,,,,,,,,,3480",0
2354196.6139401,"92080309,ECG,,,,,,,,,3453",0
2354196.6147206,"92082002,ECG,,,,,,,,,3033",0
2354196.6154917,"92084001,ECG,,,,,,,,,2252",0
2354196.6163455,"92086002,ECG,,,,,,,,,1451",0
2354196.6170832,"92088002,ECG,,,,,,,,,940",0
2354196.6178038,"92090000,ECG,,,,,,,,,887",0
2354196.6185514,"92092003,ECG,,,,,,,,,1309",0
2354196.6192968,"92094002,ECG,,,,,,,,,2090",0
2354196.6211517,"92099235,IMU,0.004,-0.047,0.881,1.461,1.113,3.200,89.809,-0.001,297.775",0
2354196.6219052,"92099891,ECG,,,,,,,,,3485",0
2354196.6226446,"92100206,ECG,,,,,,,,,3464",0
2354196.6233967,"92100372,ECG,,,,,,,,,3437",0
2354196.6241497,"92102002,ECG,,,,,,,,,3032",0
2354196.6248969,"92104001,ECG,,,,,,,,,2263",0
2354196.6256428,"92106000,ECG,,,,,,,,,1466",0
2354196.6263654,"92108000,ECG,,,,,,,,,955",0
2354196.6270945,"92110003,ECG,,,,,,,,,894",0
2354196.6278496,"92112001,ECG,,,,,,,,,1320",0
2354196.6285919,"92114001,ECG,,,,,,,,,2094",0
2354196.6304539,"92119208,IMU,0.000,-0.047,0.874,2.157,1.461,2.991,89.811,-0.000,297.775",0
2354196.6312033,"92119835,ECG,,,,,,,,,3511",0
2354196.6320708,"92120173,ECG,,,,,,,,,3483",0
2354196.6328497,"92120328,ECG,,,,,,,,,3465",0
2354196.6336208,"92122000,ECG,,,,,,,,,3052",0
2354196.6344467,"92124003,ECG,,,,,,,,,2269",0
2354196.635201,"92126002,ECG,,,,,,,,,1469",0
2354196.6359499,"92128001,ECG,,,,,,,,,953",0
2354196.6366587,"92130000,ECG,,,,,,,,,878",0
2354196.6374387,"92132001,ECG,,,,,,,,,1293",0
2354196.6381894,"92134000,ECG,,,,,,,,,2064",0
2354196.6400994,"92139240,IMU,-0.004,-0.043,0.877,1.530,1.391,2.922,89.810,-45.008,297.775",0
2354196.6409246,"92139915,ECG,,,,,,,,,3484",0
2354196.6416987,"92140221,ECG,,,,,,,,,3464",0
2354196.6424519,"92140387,ECG,,,,,,,,,3436",0
2354196.64324,"92142002,ECG,,,,,,,,,3036",0
2354196.6441553,"92144001,ECG,,,,,,,,,2256",0
2354196.6449039,"92146002,ECG,,,,,,,,,1451",0
2354196.6456256,"92148001,ECG,,,,,,,,,925",0
2354196.6463483,"92150000,ECG,,,,,,,,,863",0
2354196.647102,"92152003,ECG,,,,,,,,,1291",0
2354196.6479371,"92154002,ECG,,,,,,,,,2076",0
2354196.6504803,"92159240,IMU,-0.004,-0.043,0.881,0.974,1.183,2.922,89.809,-45.008,297.775",0
2354196.6514946,"92159907,ECG,,,,,,,,,3483",0
2354196.6524834,"92160223,ECG,,,,,,,,,3465",0
2354196.6534846,"92160388,ECG,,,,,,,,,3437",0
2354196.6544841,"92162003,ECG,,,,,,,,,3034",0
2354196.6554769,"92164002,ECG,,,,,,,,,2252",0
2354196.6564757,"92166001,ECG,,,,,,,,,1454",0
2354196.6574436,"92168001,ECG,,,,,,,,,941",0
2354196.6584,"92170003,ECG,,,,,,,,,876",0
2354196.6594266,"92172002,ECG,,,,,,,,,1293",0
2354196.6604601,"92174001,ECG,,,,,,,,,2074",0
2354196.6623074,"92179201,IMU,0.000,-0.047,0.874,1.670,0.974,2.783,89.811,-0.000,299.321",0
2354196.6632905,"92179831,ECG,,,,,,,,,3464",0
2354196.6640898,"92180152,ECG,,,,,,,,,3448",0
2354196.6648496,"92180308,ECG,,,,,,,,,3420",0
2354196.6655844,"92182002,ECG,,,,,,,,,3000",0
2354196.6663303,"92184001,ECG,,,,,,,,,2207",0
2354196.6670704,"92186000,ECG,,,,,,,,,1404",0
2354196.6677861,"92188000,ECG,,,,,,,,,887",0
2354196.668499,"92190002,ECG,,,,,,,,,829",0
2354196.6692337,"92192003,ECG,,,,,,,,,1247",0
2354196.669975,"92194002,ECG,,,,,,,,,2040",0
2354196.6718097,"92199233,IMU,0.004,-0.047,0.874,1.670,0.835,2.991,89.811,-0.001,298.437",0
2354196.6725517,"92199898,ECG,,,,,,,,,3463",0
2354196.6732969,"92200217,ECG,,,,,,,,,3438",0
2354196.6740742,"92200383,ECG,,,,,,,,,3416",0
2354196.6748172,"92202000,ECG,,,,,,,,,3017",0
2354196.675563,"92204003,ECG,,,,,,,,,2247",0
2354196.6763094,"92206000,ECG,,,,,,,,,1452",0
2354196.6770382,"92208000,ECG,,,,,,,,,937",0
2354196.677765,"92210002,ECG,,,,,,,,,875",0
2354196.6785971,"92212001,ECG,,,,,,,,,1288",0
2354196.6793538,"92214000,ECG,,,,,,,,,2074",0
2354196.6812016,"92219210,IMU,0.000,-0.043,0.881,1.183,0.974,2.922,89.809,-0.000,299.613",0
2354196.6819555,"92219845,ECG,,,,,,,,,3485",0
2354196.6827056,"92220152,ECG,,,,,,,,,3466",0
2354196.6834519,"92220308,ECG,,,,,,,,,3438",0
2354196.6842015,"92222003,ECG,,,,,,,,,3033",0
2354196.6849452,"92224002,ECG,,,,,,,,,2255",0
2354196.6856847,"92226001,ECG,,,,,,,,,1454",0
2354196.6864059,"92228000,ECG,,,,,,,,,927",0
2354196.6871228,"92230004,ECG,,,,,,,,,859",0
2354196.6878726,"92232002,ECG,,,,,,,,,1272",0
2354196.6886052,"92234002,ECG,,,,,,,,,2059",0
2354196.6904766,"92239233,IMU,0.004,-0.047,0.870,1.461,1.183,2.783,89.812,-0.001,299.360",0
2354196.6912258,"92239902,ECG,,,,,,,,,3502",0
2354196.6919629,"92240217,ECG,,,,,,,,,3482",0
2354196.6927113,"92240384,ECG,,,,,,,,,3464",0
2354196.6934519,"92242001,ECG,,,,,,,,,3066",0
2354196.6942655,"92244000,ECG,,,,,,,,,2298",0
2354196.6950204,"92246000,ECG,,,,,,,,,1487",0
2354196.6960768,"92248003,ECG,,,,,,,,,956",0
2354196.6979416,"92250002,ECG,,,,,,,,,879",0
2354196.6999553,"92252002,ECG,,,,,,,,,1293",0
2354196.7019665,"92254001,ECG,,,,,,,,,2075",0
2354196.7083374,"92259210,IMU,0.000,-0.043,0.874,1.670,1.043,3.270,89.811,-0.000,299.972",0
2354196.7090769,"92259844,ECG,,,,,,,,,3518",0
2354196.709891,"92260153,ECG,,,,,,,,,3501",0
2354196.7106432,"92260313,ECG,,,,,,,,,3480",0
2354196.7113936,"92262000,ECG,,,,,,,,,3069",0
2354196.7121923,"92264003,ECG,,,,,,,,,2298",0
2354196.7139612,"92266000,ECG,,,,,,,,,1496",0
2354196.715941,"92268003,ECG,,,,,,,,,969",0
2354196.7179426,"92270001,ECG,,,,,,,,,905",0
2354196.7199687,"92272000,ECG,,,,,,,,,1319",0
2354196.7280567,"92279055,IMU,0.000,-0.043,0.881,1.391,0.974,2.643,89.809,-0.000,299.972",0
2354196.7288114,"92279699,ECG,,,,,,,,,3512",0
2354196.7295556,"92280010,ECG,,,,,,,,,3498",0
2354196.7303021,"92280156,ECG,,,,,,,,,3483",0
2354196.7310424,"92280316,ECG,,,,,,,,,3456",0
2354196.7317923,"92282002,ECG,,,,,,,,,3052",0
2354196.7325305,"92284001,ECG,,,,,,,,,2281",0
2354196.7339686,"92286001,ECG,,,,,,,,,1482",0
2354196.7359423,"92288000,ECG,,,,,,,,,970",0
2354196.7379311,"92290003,ECG,,,,,,,,,909",0
2354196.7399591,"92292001,ECG,,,,,,,,,1326",0
2354196.7420556,"92294001,ECG,,,,,,,,,2107",0
2354196.7482907,"92299234,IMU,0.004,-0.043,0.877,1.043,1.043,2.922,89.810,-0.001,299.972",0
2354196.7490441,"92299896,ECG,,,,,,,,,3502",0
2354196.7497688,"92300215,ECG,,,,,,,,,3484",0
2354196.7505133,"92300372,ECG,,,,,,,,,3464",0
2354196.7512611,"92302002,ECG,,,,,,,,,3054",0
2354196.7520162,"92304001,ECG,,,,,,,,,2284",0
2354196.7539661,"92306001,ECG,,,,,,,,,1483",0
2354196.7559359,"92308000,ECG,,,,,,,,,967",0
2354196.7584445,"92310003,ECG,,,,,,,,,894",0
2354196.7603869,"92312003,ECG,,,,,,,,,1320",0
2354196.7620135,"92314002,ECG,,,,,,,,,2095",0
2354196.7683374,"92319211,IMU,0.000,-0.051,0.877,1.322,1.113,2.991,89.810,-0.000,299.972",0
2354196.7690993,"92319849,ECG,,,,,,,,,3502",0
2354196.7698529,"92320155,ECG,,,,,,,,,3485",0
2354196.7706121,"92320315,ECG,,,,,,,,,3464",0
2354196.7713718,"92322001,ECG,,,,,,,,,3052",0
2354196.7721389,"92324000,ECG,,,,,,,,,2271",0
2354196.7739991,"92326001,ECG,,,,,,,,,1466",0
2354196.775943,"92328001,ECG,,,,,,,,,943",0
2354196.7779563,"92330003,ECG,,,,,,,,,878",0
2354196.7799742,"92332002,ECG,,,,,,,,,1304",0
2354196.7819935,"92334001,ECG,,,,,,,,,2092",0
2354196.7883109,"92339202,IMU,0.004,-0.043,0.877,1.530,1.252,2.922,89.810,-0.000,299.972",0
2354196.7891274,"92339851,ECG,,,,,,,,,3528",0
2354196.7898711,"92340157,ECG,,,,,,,,,3510",0
2354196.7906139,"92340315,ECG,,,,,,,,,3487",0
2354196.7913652,"92342000,ECG,,,,,,,,,3072",0
2354196.7921143,"92344004,ECG,,,,,,,,,2313",0
2354196.7939762,"92346003,ECG,,,,,,,,,1512",0
2354196.7959543,"92348002,ECG,,,,,,,,,974",0
2354196.7979337,"92350001,ECG,,,,,,,,,895",0
2354196.7999675,"92352000,ECG,,,,,,,,,1307",0
2354196.808291,"92359087,IMU,0.004,-0.047,0.885,1.252,1.043,3.200,89.810,-0.001,299.972",0
2354196.809114,"92359734,ECG,,,,,,,,,3527",0
2354196.8098576,"92360070,ECG,,,,,,,,,3511",0
2354196.8106008,"92360231,ECG,,,,,,,,,3496",0
2354196.811346,"92360387,ECG,,,,,,,,,3467",0
2354196.8120973,"92362003,ECG,,,,,,,,,3071",0
2354196.8128417,"92364002,ECG,,,,,,,,,2311",0
2354196.8139789,"92366001,ECG,,,,,,,,,1515",0
2354196.8159473,"92368001,ECG,,,,,,,,,988",0
2354196.817925,"92370004,ECG,,,,,,,,,906",0
2354196.8199757,"92372000,ECG,,,,,,,,,1304",0
2354196.8283131,"92379085,IMU,0.004,-0.047,0.877,1.600,1.043,2.922,89.809,-0.001,300.152",0
2354196.8290627,"92379730,ECG,,,,,,,,,3500",0
2354196.8297945,"92380067,ECG,,,,,,,,,3484",0
2354196.8305394,"92380228,ECG,,,,,,,,,3471",0
2354196.8312715,"92380382,ECG,,,,,,,,,3449",0
2354196.8320095,"92382003,ECG,,,,,,,,,3066",0
2354196.8327612,"92384002,ECG,,,,,,,,,2315",0
2354196.8339807,"92386003,ECG,,,,,,,,,1534",0
2354196.8360319,"92388002,ECG,,,,,,,,,1023",0
2354196.8379526,"92390002,ECG,,,,,,,,,953",0
2354196.8399674,"92392000,ECG,,,,,,,,,1357",0
2354196.8419811,"92394000,ECG,,,,,,,,,2125",0
2354196.8482901,"92399236,IMU,0.000,-0.047,0.877,1.600,1.043,2.991,89.809,-0.001,298.821",0
2354196.8490264,"92399893,ECG,,,,,,,,,3502",0
2354196.8497598,"92400211,ECG,,,,,,,,,3482",0
2354196.8504939,"92400368,ECG,,,,,,,,,3463",0
2354196.8513793,"92402003,ECG,,,,,,,,,3064",0
2354196.852383,"92404002,ECG,,,,,,,,,2313",0
2354196.8540053,"92406001,ECG,,,,,,,,,1528",0
2354196.8560468,"92408001,ECG,,,,,,,,,1017",0
2354196.8581182,"92410000,ECG,,,,,,,,,953",0
2354196.86011,"92412003,ECG,,,,,,,,,1357",0
2354196.8620616,"92414002,ECG,,,,,,,,,2122",0
2354196.8684343,"92419244,IMU,0.004,-0.043,0.877,1.461,1.252,2.991,89.810,-0.001,298.833",0
2354196.8692602,"92419911,ECG,,,,,,,,,3499",0
2354196.8700105,"92420227,ECG,,,,,,,,,3480",0
2354196.8707919,"92420384,ECG,,,,,,,,,3450",0
2354196.8715439,"92422001,ECG,,,,,,,,,3070",0
2354196.8722973,"92424000,ECG,,,,,,,,,2319",0
2354196.8739826,"92426003,ECG,,,,,,,,,1529",0
2354196.8759945,"92428002,ECG,,,,,,,,,1016",0
2354196.877975,"92430001,ECG,,,,,,,,,951",0
2354196.8799927,"92432002,ECG,,,,,,,,,1356",0
2354196.8820274,"92434001,ECG,,,,,,,,,2120",0
2354196.8883777,"92439206,IMU,0.004,-0.043,0.881,1.391,1.183,3.130,89.810,-0.000,298.888",0
2354196.8891763,"92439844,ECG,,,,,,,,,3534",0
2354196.8899141,"92440168,ECG,,,,,,,,,3516",0
2354196.8906732,"92440328,ECG,,,,,,,,,3498",0
2354196.8914418,"92442001,ECG,,,,,,,,,3100",0
2354196.8921866,"92444000,ECG,,,,,,,,,2349",0
2354196.894032,"92446001,ECG,,,,,,,,,1564",0
2354196.8960099,"92448001,ECG,,,,,,,,,1036",0
2354196.8979664,"92450000,ECG,,,,,,,,,955",0
2354196.9001734,"92452003,ECG,,,,,,,,,1340",0
2354196.9021886,"92454002,ECG,,,,,,,,,2095",0
2354196.9084268,"92459201,IMU,0.000,-0.051,0.881,1.530,1.113,2.852,89.809,-0.000,299.208",0
2354196.9092478,"92459840,ECG,,,,,,,,,3515",0
2354196.9100535,"92460153,ECG,,,,,,,,,3498",0
2354196.9108187,"92460299,ECG,,,,,,,,,3480",0
2354196.9115897,"92462004,ECG,,,,,,,,,3084",0
2354196.9123534,"92464003,ECG,,,,,,,,,2333",0
2354196.9141615,"92466002,ECG,,,,,,,,,1546",0
2354196.9160825,"92468001,ECG,,,,,,,,,1016",0
2354196.9180744,"92470000,ECG,,,,,,,,,935",0
2354196.920047,"92472004,ECG,,,,,,,,,1336",0
2354196.9220256,"92474003,ECG,,,,,,,,,2108",0
2354196.9284232,"92479201,IMU,0.004,-0.047,0.877,1.600,1.043,2.991,89.811,-0.000,299.208",0
2354196.9292164,"92479844,ECG,,,,,,,,,3536",0
2354196.9299613,"92480165,ECG,,,,,,,,,3527",0
2354196.930707,"92480326,ECG,,,,,,,,,3501",0
2354196.9314593,"92482003,ECG,,,,,,,,,3103",0
2354196.9322158,"92484002,ECG,,,,,,,,,2349",0
2354196.934031,"92486002,ECG,,,,,,,,,1567",0
2354196.936011,"92488001,ECG,,,,,,,,,1051",0
2354196.9379619,"92490000,ECG,,,,,,,,,976",0
2354196.9400044,"92492000,ECG,,,,,,,,,1388",0
2354196.9482523,"92499055,IMU,0.000,-0.039,0.877,1.461,1.043,2.991,89.810,-0.000,299.208",0
2354196.9490348,"92499675,ECG,,,,,,,,,3579",0
2354196.9497883,"92499996,ECG,,,,,,,,,3564",0
2354196.9505434,"92500142,ECG,,,,,,,,,3548",0
2354196.9512899,"92500288,ECG,,,,,,,,,3530",0
2354196.9520406,"92502002,ECG,,,,,,,,,3119",0
2354196.9527805,"92504001,ECG,,,,,,,,,2361",0
2354196.9540905,"92506000,ECG,,,,,,,,,1564",0
2354196.9559999,"92508004,ECG,,,,,,,,,1036",0
2354196.9579715,"92510003,ECG,,,,,,,,,957",0
2354196.9599873,"92512001,ECG,,,,,,,,,1357",0
2354196.9621741,"92514001,ECG,,,,,,,,,2123",0
2354196.9684136,"92519232,IMU,0.004,-0.043,0.877,1.461,0.974,2.852,89.810,-0.001,299.208",0
2354196.969227,"92519895,ECG,,,,,,,,,3501",0
2354196.9699684,"92520208,ECG,,,,,,,,,3485",0
2354196.9707131,"92520364,ECG,,,,,,,,,3466",0
2354196.9714614,"92522003,ECG,,,,,,,,,3072",0
2354196.9722094,"92524002,ECG,,,,,,,,,2320",0
2354196.9740328,"92526001,ECG,,,,,,,,,1545",0
2354196.9761208,"92528001,ECG,,,,,,,,,1032",0
2354196.9780359,"92530000,ECG,,,,,,,,,959",0
2354196.9800079,"92532002,ECG,,,,,,,,,1372",0
2354196.982027,"92534001,ECG,,,,,,,,,2143",0
2354196.9883361,"92539243,IMU,0.004,-0.047,0.874,1.461,0.904,3.061,89.811,-0.001,299.208",0
2354196.9891642,"92539907,ECG,,,,,,,,,3579",0
2354196.9899405,"92540225,ECG,,,,,,,,,3561",0
2354196.9907045,"92540372,ECG,,,,,,,,,3536",0
2354196.9915019,"92542004,ECG,,,,,,,,,3150",0
2354196.9923022,"92544003,ECG,,,,,,,,,2381",0
2354196.9940082,"92546002,ECG,,,,,,,,,1581",0
2354196.9960241,"92548002,ECG,,,,,,,,,1051",0
2354196.99807,"92550001,ECG,,,,,,,,,970",0
2354197.0000095,"92552002,ECG,,,,,,,,,1368",0
2354197.0020218,"92554001,ECG,,,,,,,,,2137",0
2354197.0087848,"92559238,IMU,0.004,-0.043,0.877,1.461,1.113,2.643,89.810,-0.001,300.161",0
2354197.0098065,"92559908,ECG,,,,,,,,,3535",0
2354197.0106075,"92560218,ECG,,,,,,,,,3516",0
2354197.0113523,"92560376,ECG,,,,,,,,,3499",0
2354197.0121026,"92562001,ECG,,,,,,,,,3100",0
2354197.0128671,"92564002,ECG,,,,,,,,,2328",0
2354197.0140248,"92566001,ECG,,,,,,,,,1519",0
2354197.0159739,"92568001,ECG,,,,,,,,,989",0
2354197.0179704,"92570004,ECG,,,,,,,,,926",0
2354197.0200047,"92572002,ECG,,,,,,,,,1343",0
2354197.0219995,"92574001,ECG,,,,,,,,,2126",0
2354197.0283585,"92579210,IMU,0.000,-0.047,0.877,1.252,1.183,2.852,89.810,-0.000,299.426",0
2354197.0291237,"92579827,ECG,,,,,,,,,3594",0
2354197.0298802,"92580151,ECG,,,,,,,,,3577",0
2354197.0306431,"92580297,ECG,,,,,,,,,3551",0
2354197.0314088,"92582002,ECG,,,,,,,,,3145",0
2354197.0321678,"92584001,ECG,,,,,,,,,2360",0
2354197.034026,"92586000,ECG,,,,,,,,,1550",0
2354197.0360114,"92588003,ECG,,,,,,,,,1007",0
2354197.0379704,"92590003,ECG,,,,,,,,,942",0
2354197.0401099,"92592001,ECG,,,,,,,,,1367",0
2354197.0420277,"92594001,ECG,,,,,,,,,2154",0
2354197.0483407,"92599199,IMU,0.000,-0.047,0.877,1.530,1.322,2.991,89.810,-0.000,299.351",0
2354197.0490956,"92599825,ECG,,,,,,,,,3577",0
2354197.0498316,"92600145,ECG,,,,,,,,,3559",0
2354197.0505734,"92600291,ECG,,,,,,,,,3534",0
2354197.0513132,"92602004,ECG,,,,,,,,,3100",0
2354197.0520629,"92604003,ECG,,,,,,,,,2297",0
2354197.0541572,"92606002,ECG,,,,,,,,,1456",0
2354197.0560383,"92608001,ECG,,,,,,,,,911",0
2354197.0581253,"92610000,ECG,,,,,,,,,846",0
2354197.0600186,"92612001,ECG,,,,,,,,,1276",0
2354197.0620128,"92614000,ECG,,,,,,,,,2079",0
2354197.0683488,"92619199,IMU,0.000,-0.047,0.874,1.600,0.904,2.852,89.811,-0.000,298.754",0
2354197.0691069,"92619812,ECG,,,,,,,,,3615",0
2354197.069935,"92620148,ECG,,,,,,,,,3598",0
2354197.070686,"92620301,ECG,,,,,,,,,3579",0
2354197.0714322,"92622004,ECG,,,,,,,,,3164",0
2354197.0721789,"92624000,ECG,,,,,,,,,2364",0
2354197.0740122,"92626000,ECG,,,,,,,,,1519",0
2354197.0759868,"92628003,ECG,,,,,,,,,957",0
2354197.0780012,"92630002,ECG,,,,,,,,,879",0
2354197.080032,"92632001,ECG,,,,,,,,,1320",0
2354197.0820141,"92634000,ECG,,,,,,,,,2155",0
2354197.0883601,"92639202,IMU,0.000,-0.043,0.874,1.322,1.252,3.270,89.811,-0.000,299.507",0
2354197.0891166,"92639816,ECG,,,,,,,,,3757",0
2354197.0898571,"92640138,ECG,,,,,,,,,3739",0
2354197.0906029,"92640284,ECG,,,,,,,,,3721",0
2354197.0913437,"92642002,ECG,,,,,,,,,3262",0
2354197.0920948,"92644001,ECG,,,,,,,,,2428",0
2354197.0940238,"92646000,ECG,,,,,,,,,1550",0
2354197.0959849,"92648000,ECG,,,,,,,,,957",0
2354197.0979844,"92650003,ECG,,,,,,,,,861",0
2354197.1001302,"92652001,ECG,,,,,,,,,1290",0
2354197.1020538,"92654001,ECG,,,,,,,,,2123",0
2354197.1083674,"92659202,IMU,0.000,-0.043,0.881,1.600,1.113,2.922,89.809,-0.000,299.264",0
2354197.1091812,"92659822,ECG,,,,,,,,,3712",0
2354197.1099301,"92660143,ECG,,,,,,,,,3691",0
2354197.1106991,"92660289,ECG,,,,,,,,,3673",0
2354197.1114461,"92662001,ECG,,,,,,,,,3212",0
2354197.1122069,"92664000,ECG,,,,,,,,,2366",0
2354197.1140457,"92666000,ECG,,,,,,,,,1481",0
2354197.1160122,"92668003,ECG,,,,,,,,,892",0
2354197.1179802,"92670002,ECG,,,,,,,,,812",0
2354197.1200056,"92672003,ECG,,,,,,,,,1273",0
2354197.1220257,"92674002,ECG,,,,,,,,,2141",0
2354197.1283574,"92679207,IMU,0.000,-0.043,0.881,1.461,1.043,2.852,89.809,-0.000,299.264",0
2354197.1290965,"92679825,ECG,,,,,,,,,3798",0
2354197.1298369,"92680145,ECG,,,,,,,,,3771",0
2354197.1306893,"92680291,ECG,,,,,,,,,3753",0
2354197.1314427,"92682002,ECG,,,,,,,,,3293",0
2354197.1321866,"92684004,ECG,,,,,,,,,2445",0
2354197.1340047,"92686003,ECG,,,,,,,,,1561",0
2354197.1360083,"92688002,ECG,,,,,,,,,967",0
2354197.1379864,"92690001,ECG,,,,,,,,,877",0
2354197.1400075,"92692004,ECG,,,,,,,,,1320",0
2354197.1420226,"92694003,ECG,,,,,,,,,2159",0
2354197.1483794,"92699242,IMU,0.004,-0.043,0.885,1.252,1.252,2.991,89.808,-0.001,299.264",0
2354197.1491335,"92699907,ECG,,,,,,,,,3742",0
2354197.1498693,"92700215,ECG,,,,,,,,,3721",0
2354197.1506252,"92700371,ECG,,,,,,,,,3690",0
2354197.1513765,"92702003,ECG,,,,,,,,,3231",0
2354197.1521233,"92704002,ECG,,,,,,,,,2392",0
2354197.1540486,"92706001,ECG,,,,,,,,,1502",0
2354197.1560051,"92708000,ECG,,,,,,,,,921",0
2354197.1580055,"92710003,ECG,,,,,,,,,838",0
2354197.1600236,"92712002,ECG,,,,,,,,,1274",0
2354197.1620576,"92714001,ECG,,,,,,,,,2123",0
2354197.1683624,"92719243,IMU,0.004,-0.043,0.870,1.530,0.696,2.713,89.812,-0.001,299.264",0
2354197.1691182,"92719919,ECG,,,,,,,,,3737",0
2354197.1699008,"92720232,ECG,,,,,,,,,3709",0
2354197.1706473,"92720390,ECG,,,,,,,,,3688",0
2354197.1713848,"92722002,ECG,,,,,,,,,3254",0
2354197.1721426,"92724001,ECG,,,,,,,,,2424",0
2354197.1740292,"92726000,ECG,,,,,,,,,1549",0
2354197.1759943,"92728000,ECG,,,,,,,,,972",0
2354197.1780285,"92730003,ECG,,,,,,,,,887",0
2354197.1800389,"92732003,ECG,,,,,,,,,1325",0
2354197.1820448,"92734002,ECG,,,,,,,,,2170",0
2354197.188392,"92739237,IMU,0.004,-0.047,0.881,1.461,0.696,3.061,89.809,-0.001,299.264",0
2354197.1891664,"92739883,ECG,,,,,,,,,3785",0
2354197.189952,"92740203,ECG,,,,,,,,,3758",0
2354197.1907047,"92740365,ECG,,,,,,,,,3736",0
2354197.1914499,"92742003,ECG,,,,,,,,,3288",0
2354197.1921909,"92744002,ECG,,,,,,,,,2446",0
2354197.194098,"92746001,ECG,,,,,,,,,1562",0
2354197.1960249,"92748001,ECG,,,,,,,,,972",0
2354197.1980189,"92750003,ECG,,,,,,,,,875",0
2354197.2000422,"92752002,ECG,,,,,,,,,1294",0
2354197.2020425,"92754001,ECG,,,,,,,,,2111",0
2354197.2083692,"92759210,IMU,0.000,-0.047,0.881,0.974,0.904,2.922,89.809,-0.000,299.556",0
2354197.2091187,"92759826,ECG,,,,,,,,,3672",0
2354197.2099955,"92760167,ECG,,,,,,,,,3646",0
2354197.2107541,"92760320,ECG,,,,,,,,,3626",0
2354197.2115091,"92762001,ECG,,,,,,,,,3195",0
2354197.2122554,"92764001,ECG,,,,,,,,,2380",0
2354197.2140189,"92766000,ECG,,,,,,,,,1516",0
2354197.2160056,"92768004,ECG,,,,,,,,,952",0
2354197.2180107,"92770002,ECG,,,,,,,,,873",0
2354197.2200851,"92772001,ECG,,,,,,,,,1320",0
2354197.2220607,"92774000,ECG,,,,,,,,,2153",0
2354197.2282791,"92779203,IMU,0.000,-0.043,0.881,1.252,0.626,2.852,89.809,-0.000,299.133",0
2354197.2290701,"92779852,ECG,,,,,,,,,3751",0
2354197.2298492,"92780166,ECG,,,,,,,,,3728",0
2354197.2305926,"92780312,ECG,,,,,,,,,3706",0
2354197.2313346,"92782003,ECG,,,,,,,,,3272",0
2354197.2320809,"92784002,ECG,,,,,,,,,2445",0
2354197.2340716,"92786002,ECG,,,,,,,,,1583",0
2354197.2360315,"92788001,ECG,,,,,,,,,1006",0
2354197.2379784,"92790000,ECG,,,,,,,,,920",0
2354197.2401236,"92792000,ECG,,,,,,,,,1341",0
2354197.2420489,"92794000,ECG,,,,,,,,,2170",0
2354197.2483651,"92799201,IMU,0.000,-0.043,0.877,1.252,1.113,3.061,89.810,-0.000,299.721",0
2354197.2491209,"92799818,ECG,,,,,,,,,3725",0
2354197.2498622,"92800146,ECG,,,,,,,,,3705",0
2354197.2506128,"92800307,ECG,,,,,,,,,3680",0
2354197.2513669,"92802001,ECG,,,,,,,,,3225",0
2354197.2521111,"92804000,ECG,,,,,,,,,2391",0
2354197.2540282,"92806000,ECG,,,,,,,,,1517",0
2354197.2560162,"92808003,ECG,,,,,,,,,940",0
2354197.2579952,"92810002,ECG,,,,,,,,,857",0
2354197.2600476,"92812000,ECG,,,,,,,,,1291",0
2354197.2620328,"92814000,ECG,,,,,,,,,2122",0
2354197.2683684,"92819202,IMU,0.000,-0.043,0.877,1.391,1.043,2.922,89.810,-0.000,298.933",0
2354197.2691057,"92819813,ECG,,,,,,,,,3726",0
2354197.2699658,"92820145,ECG,,,,,,,,,3706",0
2354197.2707241,"92820306,ECG,,,,,,,,,3677",0
2354197.2714663,"92822000,ECG,,,,,,,,,3256",0
2354197.2722149,"92824003,ECG,,,,,,,,,2439",0
2354197.2740458,"92826003,ECG,,,,,,,,,1576",0
2354197.2760312,"92828002,ECG,,,,,,,,,991",0
2354197.2780106,"92830000,ECG,,,,,,,,,905",0
2354197.2800382,"92832003,ECG,,,,,,,,,1327",0
2354197.2820325,"92834003,ECG,,,,,,,,,2152",0
2354197.2881356,"92839204,IMU,0.000,-0.043,0.877,1.391,0.904,2.713,89.810,-0.000,298.990",0
2354197.2888984,"92839851,ECG,,,,,,,,,3752",0
2354197.2896691,"92840166,ECG,,,,,,,,,3734",0
2354197.2904228,"92840312,ECG,,,,,,,,,3720",0
2354197.2911661,"92842002,ECG,,,,,,,,,3278",0
2354197.2920366,"92844001,ECG,,,,,,,,,2472",0
2354197.2940282,"92846000,ECG,,,,,,,,,1599",0
2354197.2960399,"92848000,ECG,,,,,,,,,1003",0
2354197.2980192,"92850003,ECG,,,,,,,,,891",0
2354197.3001398,"92852003,ECG,,,,,,,,,1291",0
2354197.3024174,"92854003,ECG,,,,,,,,,2093",0
2354197.3083957,"92859237,IMU,0.004,-0.047,0.874,1.322,0.974,2.852,89.811,-0.001,298.990",0
2354197.309165,"92859881,ECG,,,,,,,,,3674",0
2354197.3099331,"92860201,ECG,,,,,,,,,3656",0
2354197.3107059,"92860347,ECG,,,,,,,,,3630",0
2354197.311473,"92862004,ECG,,,,,,,,,3225",0
2354197.3122226,"92864003,ECG,,,,,,,,,2415",0
2354197.3140381,"92866002,ECG,,,,,,,,,1565",0
2354197.3164395,"92868001,ECG,,,,,,,,,998",0
2354197.3181548,"92870000,ECG,,,,,,,,,906",0
2354197.3201148,"92872003,ECG,,,,,,,,,1338",0
2354197.3220645,"92874002,ECG,,,,,,,,,2157",0
2354197.3283944,"92879212,IMU,0.000,-0.047,0.877,1.739,0.974,2.852,89.810,-0.000,298.990",0
2354197.3291425,"92879832,ECG,,,,,,,,,3754",0
2354197.3298969,"92880162,ECG,,,,,,,,,3727",0
2354197.3306692,"92880324,ECG,,,,,,,,,3710",0
2354197.3316588,"92882000,ECG,,,,,,,,,3277",0
2354197.3324722,"92884000,ECG,,,,,,,,,2475",0
2354197.3340422,"92886003,ECG,,,,,,,,,1615",0
2354197.3361714,"92888002,ECG,,,,,,,,,1024",0
2354197.3380151,"92890001,ECG,,,,,,,,,927",0
2354197.3400898,"92892000,ECG,,,,,,,,,1326",0
2354197.3482133,"92899055,IMU,0.000,-0.039,0.877,1.113,1.113,2.852,89.810,-0.000,298.990",0
2354197.3489746,"92899693,ECG,,,,,,,,,3735",0
2354197.3497378,"92900004,ECG,,,,,,,,,3722",0
2354197.3504931,"92900150,ECG,,,,,,,,,3705",0
2354197.3512897,"92900296,ECG,,,,,,,,,3689",0
2354197.3520378,"92902000,ECG,,,,,,,,,3244",0
2354197.3527876,"92904000,ECG,,,,,,,,,2427",0
2354197.35405,"92906003,ECG,,,,,,,,,1561",0
2354197.3560208,"92908002,ECG,,,,,,,,,968",0
2354197.3580071,"92910001,ECG,,,,,,,,,872",0
2354197.3600693,"92912001,ECG,,,,,,,,,1278",0
2354197.362037,"92914001,ECG,,,,,,,,,2105",0
2354197.3683586,"92919202,IMU,0.000,-0.043,0.881,1.322,1.113,2.922,89.809,-0.000,298.990",0
2354197.3691002,"92919817,ECG,,,,,,,,,3743",0
2354197.3698317,"92920147,ECG,,,,,,,,,3724",0
2354197.3705614,"92920308,ECG,,,,,,,,,3705",0
2354197.3712928,"92922001,ECG,,,,,,,,,3288",0
2354197.3720314,"92924000,ECG,,,,,,,,,2490",0
2354197.3740344,"92926003,ECG,,,,,,,,,1631",0
2354197.3760331,"92928003,ECG,,,,,,,,,1051",0
2354197.3780351,"92930002,ECG,,,,,,,,,938",0
2354197.3802272,"92932001,ECG,,,,,,,,,1340",0
2354197.3820594,"92934000,ECG,,,,,,,,,2154",0
2354197.3883739,"92939235,IMU,0.004,-0.055,0.877,1.670,1.252,2.783,89.810,-0.001,299.351",0
2354197.3891225,"92939883,ECG,,,,,,,,,3753",0
2354197.3898533,"92940206,ECG,,,,,,,,,3736",0
2354197.3905943,"92940352,ECG,,,,,,,,,3709",0
2354197.3913425,"92942001,ECG,,,,,,,,,3289",0
2354197.3920848,"92944000,ECG,,,,,,,,,2474",0
2354197.3940861,"92946003,ECG,,,,,,,,,1607",0
2354197.3961295,"92948003,ECG,,,,,,,,,1005",0
2354197.3982947,"92950002,ECG,,,,,,,,,889",0
2354197.4003125,"92952000,ECG,,,,,,,,,1275",0
2354197.4021864,"92954000,ECG,,,,,,,,,2076",0
2354197.4084424,"92959210,IMU,0.000,-0.043,0.877,1.391,1.252,2.852,89.810,-0.000,299.483",0
2354197.4092624,"92959858,ECG,,,,,,,,,3689",0
2354197.4100026,"92960181,ECG,,,,,,,,,3672",0
2354197.4107391,"92960342,ECG,,,,,,,,,3646",0
2354197.411594,"92962002,ECG,,,,,,,,,3258",0
2354197.4123681,"92964001,ECG,,,,,,,,,2476",0
2354197.4141934,"92966001,ECG,,,,,,,,,1628",0
2354197.416051,"92968000,ECG,,,,,,,,,1037",0
2354197.4180157,"92970003,ECG,,,,,,,,,923",0
2354197.4201147,"92972000,ECG,,,,,,,,,1335",0
2354197.4220897,"92974003,ECG,,,,,,,,,2143",0
2354197.4288479,"92979239,IMU,0.004,-0.047,0.877,1.043,1.043,2.991,89.810,-0.001,299.103",0
2354197.429644,"92979886,ECG,,,,,,,,,3786",0
2354197.4304119,"92980209,ECG,,,,,,,,,3768",0
2354197.4311643,"92980355,ECG,,,,,,,,,3741",0
2354197.4319014,"92982003,ECG,,,,,,,,,3338",0
2354197.4326518,"92984000,ECG,,,,,,,,,2536",0
2354197.4340964,"92986003,ECG,,,,,,,,,1674",0
2354197.4361568,"92988003,ECG,,,,,,,,,1070",0
2354197.4380692,"92990002,ECG,,,,,,,,,942",0
2354197.4402815,"92992000,ECG,,,,,,,,,1322",0
2354197.442188,"92994000,ECG,,,,,,,,,2107",0
2354197.4486026,"92999243,IMU,0.004,-0.051,0.881,1.461,1.183,2.783,89.809,-0.001,299.377",0
2354197.4493948,"92999896,ECG,,,,,,,,,3705",0
2354197.4501502,"93000219,ECG,,,,,,,,,3687",0
2354197.4508824,"93000364,ECG,,,,,,,,,3664",0
2354197.4516318,"93002002,ECG,,,,,,,,,3259",0
2354197.4523809,"93004001,ECG,,,,,,,,,2460",0
2354197.4544127,"93006001,ECG,,,,,,,,,1606",0
2354197.4561434,"93008000,ECG,,,,,,,,,1005",0
2354197.4581113,"93010003,ECG,,,,,,,,,894",0
2354197.4601876,"93012002,ECG,,,,,,,,,1291",0
2354197.4621165,"93014001,ECG,,,,,,,,,2096",0
2354197.4681886,"93019209,IMU,0.000,-0.043,0.881,1.391,1.043,2.991,89.811,-0.000,299.312",0
2354197.4689437,"93019863,ECG,,,,,,,,,3753",0
2354197.4697163,"93020169,ECG,,,,,,,,,3739",0
2354197.4704664,"93020315,ECG,,,,,,,,,3722",0
2354197.4712143,"93022001,ECG,,,,,,,,,3311",0
2354197.472069,"93024000,ECG,,,,,,,,,2520",0
2354197.4740897,"93026004,ECG,,,,,,,,,1674",0
2354197.4761576,"93028003,ECG,,,,,,,,,1081",0
2354197.4780818,"93030002,ECG,,,,,,,,,958",0
2354197.4800458,"93032002,ECG,,,,,,,,,1353",0
2354197.4820857,"93034002,ECG,,,,,,,,,2141",0
2354197.4885431,"93039235,IMU,0.000,-0.043,0.881,1.391,1.252,2.504,89.809,-0.001,299.556",0
2354197.4893663,"93039874,ECG,,,,,,,,,3757",0
2354197.4901177,"93040195,ECG,,,,,,,,,3739",0
2354197.4908696,"93040341,ECG,,,,,,,,,3724",0
2354197.4916213,"93042003,ECG,,,,,,,,,3308",0
2354197.4923677,"93044000,ECG,,,,,,,,,2505",0
2354197.4940531,"93046003,ECG,,,,,,,,,1642",0
2354197.4960861,"93048002,ECG,,,,,,,,,1024",0
2354197.4980285,"93050002,ECG,,,,,,,,,905",0
2354197.5000625,"93052000,ECG,,,,,,,,,1277",0
2354197.5082173,"93059085,IMU,0.004,-0.051,0.885,1.600,1.252,3.130,89.809,-0.001,299.556",0
2354197.5089828,"93059753,ECG,,,,,,,,,3711",0
2354197.5097765,"93060074,ECG,,,,,,,,,3704",0
2354197.5105287,"93060221,ECG,,,,,,,,,3691",0
2354197.5112749,"93060367,ECG,,,,,,,,,3673",0
2354197.512011,"93062000,ECG,,,,,,,,,3292",0
2354197.512751,"93064000,ECG,,,,,,,,,2519",0
2354197.514093,"93066003,ECG,,,,,,,,,1664",0
2354197.5160818,"93068003,ECG,,,,,,,,,1068",0
2354197.5180625,"93070002,ECG,,,,,,,,,942",0
2354197.5201357,"93072000,ECG,,,,,,,,,1337",0
2354197.5220789,"93074000,ECG,,,,,,,,,2137",0
2354197.5284008,"93079239,IMU,0.004,-0.047,0.881,1.461,1.252,2.922,89.811,-0.001,299.556",0
2354197.5291549,"93079895,ECG,,,,,,,,,3801",0
2354197.5299238,"93080218,ECG,,,,,,,,,3785",0
2354197.5306854,"93080364,ECG,,,,,,,,,3760",0
2354197.5314775,"93082003,ECG,,,,,,,,,3356",0
2354197.5322402,"93084003,ECG,,,,,,,,,2558",0
2354197.5340658,"93086002,ECG,,,,,,,,,1693",0
2354197.5360629,"93088001,ECG,,,,,,,,,1080",0
2354197.5380582,"93090003,ECG,,,,,,,,,941",0
2354197.5400601,"93092002,ECG,,,,,,,,,1308",0
2354197.5420694,"93094001,ECG,,,,,,,,,2089",0
2354197.548401,"93099212,IMU,0.000,-0.043,0.877,1.391,1.183,2.922,89.808,-0.000,299.556",0
2354197.5491477,"93099833,ECG,,,,,,,,,3720",0
2354197.5499577,"93100163,ECG,,,,,,,,,3704",0
2354197.5507052,"93100323,ECG,,,,,,,,,3688",0
2354197.551445,"93102002,ECG,,,,,,,,,3278",0
2354197.5521931,"93104003,ECG,,,,,,,,,2506",0
2354197.5540629,"93106002,ECG,,,,,,,,,1645",0
2354197.5560455,"93108001,ECG,,,,,,,,,1051",0
2354197.558041,"93110000,ECG,,,,,,,,,925",0
2354197.5601028,"93112003,ECG,,,,,,,,,1304",0
2354197.5620757,"93114003,ECG,,,,,,,,,2102",0
2354197.5683082,"93119236,IMU,0.000,-0.043,0.881,1.670,1.461,3.061,89.809,-0.001,299.556",0
2354197.5691002,"93119895,ECG,,,,,,,,,3770",0
2354197.5699006,"93120212,ECG,,,,,,,,,3755",0
2354197.5706406,"93120357,ECG,,,,,,,,,3738",0
2354197.571374,"93122003,ECG,,,,,,,,,3341",0
2354197.5721217,"93124002,ECG,,,,,,,,,2556",0
2354197.5740912,"93126001,ECG,,,,,,,,,1693",0
2354197.5760732,"93128000,ECG,,,,,,,,,1087",0
2354197.5780554,"93130000,ECG,,,,,,,,,952",0
2354197.5802811,"93132003,ECG,,,,,,,,,1319",0
2354197.5820824,"93134002,ECG,,,,,,,,,2094",0
2354197.5883132,"93139214,IMU,0.000,-0.047,0.877,1.530,0.974,3.061,89.808,-0.000,299.170",0
2354197.5891311,"93139859,ECG,,,,,,,,,3723",0
2354197.5898713,"93140167,ECG,,,,,,,,,3707",0
2354197.5906105,"93140313,ECG,,,,,,,,,3690",0
2354197.5913477,"93142000,ECG,,,,,,,,,3278",0
2354197.5920855,"93144003,ECG,,,,,,,,,2476",0
2354197.5941417,"93146003,ECG,,,,,,,,,1597",0
2354197.5962247,"93148002,ECG,,,,,,,,,983",0
2354197.598173,"93150003,ECG,,,,,,,,,839",0
2354197.600234,"93152001,ECG,,,,,,,,,1198",0
2354197.6021072,"93154000,ECG,,,,,,,,,1984",0
2354197.6084814,"93159201,IMU,0.000,-0.047,0.877,1.113,1.183,2.713,89.811,-0.000,299.369",0
2354197.6092604,"93159817,ECG,,,,,,,,,3640",0
2354197.6100025,"93160149,ECG,,,,,,,,,3627",0
2354197.6108466,"93160310,ECG,,,,,,,,,3609",0
2354197.6115878,"93162001,ECG,,,,,,,,,3199",0
2354197.6123285,"93164002,ECG,,,,,,,,,2393",0
2354197.6141252,"93166001,ECG,,,,,,,,,1486",0
2354197.6160724,"93168000,ECG,,,,,,,,,858",0
2354197.6180525,"93170003,ECG,,,,,,,,,704",0
2354197.6200749,"93172001,ECG,,,,,,,,,1086",0
2354197.6221714,"93174001,ECG,,,,,,,,,1912",0
2354197.6284325,"93179203,IMU,0.000,-0.043,0.858,2.087,0.557,3.061,89.812,-0.000,299.047",0
2354197.6292208,"93179813,ECG,,,,,,,,,3690",0
2354197.6299813,"93180144,ECG,,,,,,,,,3676",0
2354197.6307289,"93180306,ECG,,,,,,,,,3661",0
2354197.6314732,"93182001,ECG,,,,,,,,,3272",0
2354197.6322307,"93184000,ECG,,,,,,,,,2460",0
2354197.6341014,"93186003,ECG,,,,,,,,,1566",0
2354197.6361252,"93188002,ECG,,,,,,,,,936",0
2354197.6380591,"93190001,ECG,,,,,,,,,777",0
2354197.6400818,"93192000,ECG,,,,,,,,,1136",0
2354197.6483037,"93199054,IMU,0.000,-0.043,0.877,1.461,0.835,2.922,89.812,-0.000,299.434",0
2354197.6491311,"93199686,ECG,,,,,,,,,3722",0
2354197.6498989,"93200012,ECG,,,,,,,,,3718",0
2354197.6506535,"93200173,ECG,,,,,,,,,3705",0
2354197.6513984,"93200334,ECG,,,,,,,,,3690",0
2354197.6521566,"93202001,ECG,,,,,,,,,3307",0
2354197.652906,"93204001,ECG,,,,,,,,,2520",0
2354197.6541019,"93206000,ECG,,,,,,,,,1632",0
2354197.6561345,"93208004,ECG,,,,,,,,,1000",0
2354197.6582853,"93210000,ECG,,,,,,,,,843",0
2354197.6600965,"93212003,ECG,,,,,,,,,1198",0
2354197.6621382,"93214003,ECG,,,,,,,,,1992",0
2354197.668941,"93219244,IMU,-0.008,-0.031,0.870,0.835,4558.957,2.922,89.812,-45.006,298.866",0
2354197.6697445,"93219911,ECG,,,,,,,,,3741",0
2354197.6704817,"93220236,ECG,,,,,,,,,3727",0
2354197.6712638,"93220382,ECG,,,,,,,,,3709",0
2354197.6720279,"93222001,ECG,,,,,,,,,3337",0
2354197.6729954,"93224003,ECG,,,,,,,,,2542",0
2354197.6740984,"93226002,ECG,,,,,,,,,1672",0
2354197.6760898,"93228001,ECG,,,,,,,,,1023",0
2354197.678132,"93230000,ECG,,,,,,,,,859",0
2354197.6801057,"93232003,ECG,,,,,,,,,1213",0
2354197.6821211,"93234002,ECG,,,,,,,,,2011",0
2354197.6885545,"93239237,IMU,0.004,-0.047,0.881,3.061,0.835,3.270,89.809,-0.001,298.866",0
2354197.6893268,"93239886,ECG,,,,,,,,,3786",0
2354197.6901344,"93240219,ECG,,,,,,,,,3769",0
2354197.6909226,"93240374,ECG,,,,,,,,,3753",0
2354197.6917206,"93242000,ECG,,,,,,,,,3369",0
2354197.692479,"93244003,ECG,,,,,,,,,2571",0
2354197.694141,"93246003,ECG,,,,,,,,,1689",0
2354197.6961145,"93248002,ECG,,,,,,,,,1051",0
2354197.6981282,"93250001,ECG,,,,,,,,,890",0
2354197.7001166,"93252000,ECG,,,,,,,,,1247",0
2354197.7083491,"93259052,IMU,0.000,-0.039,0.928,4558.122,0.765,2.504,89.799,-0.000,298.866",0
2354197.7092091,"93259700,ECG,,,,,,,,,3802",0
2354197.7099793,"93260038,ECG,,,,,,,,,3791",0
2354197.7107347,"93260200,ECG,,,,,,,,,3785",0
2354197.7114894,"93260352,ECG,,,,,,,,,3767",0
2354197.7122415,"93262004,ECG,,,,,,,,,3372",0
2354197.71305,"93264003,ECG,,,,,,,,,2583",0
2354197.7141022,"93266002,ECG,,,,,,,,,1692",0
2354197.7160773,"93268001,ECG,,,,,,,,,1053",0
2354197.7182365,"93270002,ECG,,,,,,,,,887",0
2354197.7201156,"93272001,ECG,,,,,,,,,1255",0
2354197.7221038,"93274000,ECG,,,,,,,,,2056",0
2354197.7284227,"93279234,IMU,0.008,-0.062,0.862,3.548,2.296,3.130,89.813,-0.002,298.866",0
2354197.7291874,"93279885,ECG,,,,,,,,,3837",0
2354197.7299391,"93280212,ECG,,,,,,,,,3821",0
2354197.7306818,"93280373,ECG,,,,,,,,,3805",0
2354197.7314247,"93282003,ECG,,,,,,,,,3404",0
2354197.7321707,"93284000,ECG,,,,,,,,,2589",0
2354197.7341941,"93286004,ECG,,,,,,,,,1677",0
2354197.7361704,"93288003,ECG,,,,,,,,,1018",0
2354197.7380811,"93290002,ECG,,,,,,,,,844",0
2354197.7401422,"93292001,ECG,,,,,,,,,1198",0
2354197.7421308,"93294000,ECG,,,,,,,,,1996",0
2354197.7482252,"93299202,IMU,0.000,-0.031,0.870,0.209,0.974,2.991,89.812,-0.000,298.866",0
2354197.7490457,"93299844,ECG,,,,,,,,,3818",0
2354197.7497985,"93300156,ECG,,,,,,,,,3806",0
2354197.7505391,"93300302,ECG,,,,,,,,,3800",0
2354197.7512814,"93302000,ECG,,,,,,,,,3403",0
2354197.7520864,"93304003,ECG,,,,,,,,,2602",0
2354197.754187,"93306002,ECG,,,,,,,,,1708",0
2354197.7560957,"93308001,ECG,,,,,,,,,1052",0
2354197.75807,"93310001,ECG,,,,,,,,,889",0
2354197.7601459,"93312004,ECG,,,,,,,,,1244",0
2354197.7621161,"93314003,ECG,,,,,,,,,2043",0
2354197.7684058,"93319208,IMU,0.000,-0.031,0.881,0.348,0.417,2.713,89.809,-0.000,298.742",0
2354197.7692209,"93319851,ECG,,,,,,,,,3836",0
2354197.7699656,"93320166,ECG,,,,,,,,,3822",0
2354197.7707146,"93320312,ECG,,,,,,,,,3808",0
2354197.7714649,"93322000,ECG,,,,,,,,,3417",0
2354197.7722146,"93324003,ECG,,,,,,,,,2616",0
2354197.7742083,"93326003,ECG,,,,,,,,,1719",0
2354197.7761082,"93328002,ECG,,,,,,,,,1051",0
2354197.7780686,"93330003,ECG,,,,,,,,,874",0
2354197.7801561,"93332002,ECG,,,,,,,,,1223",0
2354197.7821396,"93334001,ECG,,,,,,,,,2008",0
2354197.7884944,"93339236,IMU,0.004,-0.051,0.862,3.130,0.835,3.339,89.813,-0.001,299.563",0
2354197.7892747,"93339882,ECG,,,,,,,,,3774",0
2354197.7900244,"93340212,ECG,,,,,,,,,3768",0
2354197.7907719,"93340373,ECG,,,,,,,,,3751",0
2354197.79151,"93342002,ECG,,,,,,,,,3369",0
2354197.792254,"93344003,ECG,,,,,,,,,2573",0
2354197.7940992,"93346002,ECG,,,,,,,,,1691",0
2354197.7961824,"93348002,ECG,,,,,,,,,1040",0
2354197.7980952,"93350001,ECG,,,,,,,,,873",0
2354197.8000895,"93352004,ECG,,,,,,,,,1214",0
2354197.8021449,"93354003,ECG,,,,,,,,,1995",0
2354197.8084393,"93359213,IMU,0.000,-0.039,0.901,0.626,0.696,2.852,89.805,-0.000,299.442",0
2354197.8092055,"93359835,ECG,,,,,,,,,3771",0
2354197.8099412,"93360170,ECG,,,,,,,,,3758",0
2354197.8107553,"93360331,ECG,,,,,,,,,3751",0
2354197.8115084,"93362004,ECG,,,,,,,,,3368",0
2354197.8122541,"93364003,ECG,,,,,,,,,2587",0
2354197.8141505,"93366002,ECG,,,,,,,,,1704",0
2354197.8161397,"93368001,ECG,,,,,,,,,1055",0
2354197.8181177,"93370001,ECG,,,,,,,,,889",0
2354197.8200988,"93372003,ECG,,,,,,,,,1241",0
2354197.8220875,"93374002,ECG,,,,,,,,,2028",0
2354197.8282589,"93379209,IMU,0.000,-0.051,0.874,1.670,1.391,2.852,89.811,-0.000,300.084",0
2354197.8291274,"93379849,ECG,,,,,,,,,3790",0
2354197.8298931,"93380161,ECG,,,,,,,,,3783",0
2354197.8306404,"93380307,ECG,,,,,,,,,3770",0
2354197.8313849,"93382003,ECG,,,,,,,,,3385",0
2354197.8321234,"93384002,ECG,,,,,,,,,2585",0
2354197.8341131,"93386001,ECG,,,,,,,,,1692",0
2354197.8363619,"93388000,ECG,,,,,,,,,1023",0
2354197.838083,"93390002,ECG,,,,,,,,,845",0
2354197.8400991,"93392000,ECG,,,,,,,,,1198",0
2354197.8483054,"93399054,IMU,0.000,-0.043,0.881,1.670,1.183,3.130,89.809,-0.000,300.030",0
2354197.849083,"93399685,ECG,,,,,,,,,3805",0
2354197.8498382,"93400007,ECG,,,,,,,,,3803",0
2354197.8505797,"93400169,ECG,,,,,,,,,3799",0
2354197.8513257,"93400330,ECG,,,,,,,,,3785",0
2354197.852072,"93402000,ECG,,,,,,,,,3402",0
2354197.8528103,"93404001,ECG,,,,,,,,,2601",0
2354197.8541099,"93406000,ECG,,,,,,,,,1696",0
2354197.8560972,"93408004,ECG,,,,,,,,,1038",0
2354197.8581692,"93410003,ECG,,,,,,,,,861",0
2354197.8601112,"93412001,ECG,,,,,,,,,1224",0
2354197.8621092,"93414001,ECG,,,,,,,,,2024",0
2354197.8682542,"93419211,IMU,0.000,-0.039,0.877,1.183,1.322,2.852,89.810,-0.000,299.780",0
2354197.8690206,"93419853,ECG,,,,,,,,,3835",0
2354197.8697639,"93420166,ECG,,,,,,,,,3824",0
2354197.8705088,"93420312,ECG,,,,,,,,,3818",0
2354197.8712571,"93422001,ECG,,,,,,,,,3416",0
2354197.8721629,"93424000,ECG,,,,,,,,,2616",0
2354197.8741132,"93426003,ECG,,,,,,,,,1721",0
2354197.8760916,"93428002,ECG,,,,,,,,,1063",0
2354197.8781139,"93430002,ECG,,,,,,,,,878",0
2354197.8801299,"93432000,ECG,,,,,,,,,1224",0
2354197.8821013,"93434000,ECG,,,,,,,,,1998",0
2354197.8886189,"93439245,IMU,0.008,-0.043,0.885,1.252,0.835,2.852,89.808,-0.002,299.780",0
2354197.8893926,"93439893,ECG,,,,,,,,,3775",0
2354197.8901465,"93440218,ECG,,,,,,,,,3772",0
2354197.8908887,"93440381,ECG,,,,,,,,,3754",0
2354197.891677,"93442001,ECG,,,,,,,,,3374",0
2354197.8924222,"93444001,ECG,,,,,,,,,2586",0
2354197.8941232,"93446000,ECG,,,,,,,,,1706",0
2354197.8961055,"93448003,ECG,,,,,,,,,1064",0
2354197.8980984,"93450000,ECG,,,,,,,,,893",0
2354197.9001534,"93452003,ECG,,,,,,,,,1240",0
2354197.9021279,"93454002,ECG,,,,,,,,,2026",0
2354197.9084604,"93459246,IMU,0.004,-0.043,0.885,1.113,1.183,3.061,89.808,-0.001,299.780",0
2354197.9092488,"93459890,ECG,,,,,,,,,3801",0
2354197.909994,"93460219,ECG,,,,,,,,,3787",0
2354197.9107415,"93460380,ECG,,,,,,,,,3771",0
2354197.9114854,"93462001,ECG,,,,,,,,,3387",0
2354197.9122295,"93464002,ECG,,,,,,,,,2601",0
2354197.9141554,"93466001,ECG,,,,,,,,,1726",0
2354197.9161259,"93468000,ECG,,,,,,,,,1081",0
2354197.9180756,"93470000,ECG,,,,,,,,,904",0
2354197.9201753,"93472002,ECG,,,,,,,,,1241",0
2354197.9221181,"93474002,ECG,,,,,,,,,2014",0
2354197.9284577,"93479243,IMU,0.004,-0.043,0.870,1.739,1.391,2.713,89.812,-0.001,299.780",0
2354197.9292272,"93479897,ECG,,,,,,,,,3772",0
2354197.9299626,"93480231,ECG,,,,,,,,,3757",0
2354197.9307105,"93480392,ECG,,,,,,,,,3751",0
2354197.9314565,"93482000,ECG,,,,,,,,,3386",0
2354197.9322114,"93484003,ECG,,,,,,,,,2605",0
2354197.9344419,"93486003,ECG,,,,,,,,,1738",0
2354197.9361425,"93488002,ECG,,,,,,,,,1084",0
2354197.9380867,"93490001,ECG,,,,,,,,,912",0
2354197.9401147,"93492000,ECG,,,,,,,,,1259",0
2354197.9421381,"93494003,ECG,,,,,,,,,2040",0
2354197.948193,"93499213,IMU,0.000,-0.035,0.885,0.904,0.904,2.991,89.808,-0.000,299.780",0
2354197.9489555,"93499861,ECG,,,,,,,,,3789",0
2354197.9498445,"93500172,ECG,,,,,,,,,3784",0
2354197.9505972,"93500318,ECG,,,,,,,,,3769",0
2354197.9513355,"93502000,ECG,,,,,,,,,3385",0
2354197.9521161,"93504004,ECG,,,,,,,,,2602",0
2354197.9541283,"93506003,ECG,,,,,,,,,1722",0
2354197.956119,"93508002,ECG,,,,,,,,,1070",0
2354197.9580911,"93510003,ECG,,,,,,,,,896",0
2354197.9601094,"93512002,ECG,,,,,,,,,1244",0
2354197.9621871,"93514001,ECG,,,,,,,,,2025",0
2354197.9682176,"93519197,IMU,0.000,-0.051,0.877,1.391,0.904,2.783,89.810,-0.000,299.303",0
2354197.968992,"93519842,ECG,,,,,,,,,3785",0
2354197.9697369,"93520151,ECG,,,,,,,,,3774",0
2354197.9704777,"93520297,ECG,,,,,,,,,3758",0
2354197.9712275,"93522001,ECG,,,,,,,,,3384",0
2354197.9721273,"93524003,ECG,,,,,,,,,2601",0
2354197.9741114,"93526002,ECG,,,,,,,,,1721",0
2354197.9761834,"93528001,ECG,,,,,,,,,1064",0
2354197.9781149,"93530000,ECG,,,,,,,,,875",0
2354197.9801785,"93532003,ECG,,,,,,,,,1199",0
2354197.9821568,"93534002,ECG,,,,,,,,,1963",0
2354197.9884483,"93539234,IMU,0.004,-0.047,0.885,1.600,1.391,2.922,89.808,-0.001,299.862",0
2354197.9892701,"93539880,ECG,,,,,,,,,3736",0
2354197.9900265,"93540213,ECG,,,,,,,,,3723",0
2354197.9907991,"93540374,ECG,,,,,,,,,3707",0
2354197.9915629,"93542001,ECG,,,,,,,,,3352",0
2354197.9923152,"93544000,ECG,,,,,,,,,2589",0
2354197.9941646,"93546003,ECG,,,,,,,,,1736",0
2354197.9962446,"93548003,ECG,,,,,,,,,1097",0
2354197.9981023,"93550002,ECG,,,,,,,,,938",0
2354198.0001227,"93552001,ECG,,,,,,,,,1272",0
2354198.0021123,"93554000,ECG,,,,,,,,,2039",0
2354198.0082701,"93559213,IMU,0.000,-0.043,0.881,1.252,1.461,2.991,89.809,-0.000,299.735",0
2354198.0090398,"93559864,ECG,,,,,,,,,3784",0
2354198.0098132,"93560178,ECG,,,,,,,,,3769",0
2354198.0105558,"93560324,ECG,,,,,,,,,3754",0
2354198.0112837,"93562002,ECG,,,,,,,,,3384",0
2354198.01225,"93564001,ECG,,,,,,,,,2606",0
2354198.0141633,"93566000,ECG,,,,,,,,,1737",0
2354198.0161011,"93568004,ECG,,,,,,,,,1096",0
2354198.018174,"93570000,ECG,,,,,,,,,919",0
2354198.020144,"93572003,ECG,,,,,,,,,1242",0
2354198.0221292,"93574002,ECG,,,,,,,,,1994",0
2354198.0284806,"93579205,IMU,0.000,-0.047,0.874,1.252,1.113,2.852,89.811,-0.000,299.180",0
2354198.0293853,"93579850,ECG,,,,,,,,,3726",0
2354198.0302629,"93580156,ECG,,,,,,,,,3722",0
2354198.0311422,"93580302,ECG,,,,,,,,,3708",0
2354198.0320318,"93582002,ECG,,,,,,,,,3343",0
2354198.0329176,"93584001,ECG,,,,,,,,,2574",0
2354198.0341306,"93586000,ECG,,,,,,,,,1711",0
2354198.0361206,"93588000,ECG,,,,,,,,,1071",0
2354198.0381398,"93590003,ECG,,,,,,,,,905",0
2354198.0401213,"93592002,ECG,,,,,,,,,1243",0
2354198.0420806,"93594001,ECG,,,,,,,,,2013",0
2354198.0483464,"93599244,IMU,0.004,-0.043,0.881,1.530,0.904,2.783,89.809,-0.001,300.020",0
2354198.0490819,"93599890,ECG,,,,,,,,,3774",0
2354198.0497681,"93600223,ECG,,,,,,,,,3768",0
2354198.0504451,"93600384,ECG,,,,,,,,,3751",0
2354198.0511324,"93602002,ECG,,,,,,,,,3386",0
2354198.0521087,"93604001,ECG,,,,,,,,,2615",0
2354198.0540857,"93606000,ECG,,,,,,,,,1738",0
2354198.056068,"93608000,ECG,,,,,,,,,1095",0
2354198.0581757,"93610003,ECG,,,,,,,,,920",0
2354198.0600901,"93612002,ECG,,,,,,,,,1254",0
2354198.0620554,"93614001,ECG,,,,,,,,,2024",0
2354198.0680909,"93619229,IMU,0.000,-0.047,0.877,1.600,1.183,3.130,89.810,-0.000,300.020",0
2354198.0688307,"93619875,ECG,,,,,,,,,3766",0
2354198.0695146,"93620187,ECG,,,,,,,,,3753",0
2354198.0702047,"93620334,ECG,,,,,,,,,3739",0
2354198.0708931,"93622004,ECG,,,,,,,,,3371",0
2354198.0720765,"93624003,ECG,,,,,,,,,2599",0
2354198.0740918,"93626002,ECG,,,,,,,,,1724",0
2354198.0760787,"93628001,ECG,,,,,,,,,1078",0
2354198.0780627,"93630002,ECG,,,,,,,,,901",0
2354198.0801918,"93632001,ECG,,,,,,,,,1230",0
2354198.0821888,"93634000,ECG,,,,,,,,,1997",0
2354198.0884467,"93639243,IMU,0.004,-0.043,0.877,1.252,1.391,2.852,89.810,-0.001,300.020",0
2354198.0891705,"93639893,ECG,,,,,,,,,3760",0
2354198.089865,"93640224,ECG,,,,,,,,,3751",0
2354198.0905499,"93640385,ECG,,,,,,,,,3736",0
2354198.0912377,"93642000,ECG,,,,,,,,,3369",0
2354198.0920765,"93644000,ECG,,,,,,,,,2591",0
2354198.0940977,"93646003,ECG,,,,,,,,,1710",0
2354198.0960782,"93648002,ECG,,,,,,,,,1063",0
2354198.0980464,"93650002,ECG,,,,,,,,,890",0
2354198.10022,"93652000,ECG,,,,,,,,,1238",0
2354198.1081088,"93659052,IMU,0.000,-0.043,0.874,1.600,1.183,2.852,89.811,-0.000,300.020",0
2354198.1088349,"93659675,ECG,,,,,,,,,3806",0
2354198.1095214,"93659996,ECG,,,,,,,,,3804",0
2354198.1102122,"93660159,ECG,,,,,,,,,3791",0
2354198.1108993,"93660320,ECG,,,,,,,,,3784",0
2354198.1115878,"93662001,ECG,,,,,,,,,3404",0
2354198.1122742,"93664004,ECG,,,,,,,,,2616",0
2354198.1141126,"93666003,ECG,,,,,,,,,1722",0
2354198.1160977,"93668002,ECG,,,,,,,,,1054",0
2354198.1180502,"93670001,ECG,,,,,,,,,872",0
2354198.1201081,"93672000,ECG,,,,,,,,,1196",0
2354198.1281419,"93679054,IMU,0.000,-0.043,0.877,1.391,0.835,3.130,89.810,-0.000,300.020",0
2354198.1288734,"93679679,ECG,,,,,,,,,3775",0
2354198.1295634,"93680000,ECG,,,,,,,,,3770",0
2354198.130247,"93680164,ECG,,,,,,,,,3767",0
2354198.1309463,"93680326,ECG,,,,,,,,,3752",0
2354198.1316365,"93682001,ECG,,,,,,,,,3384",0
2354198.1323228,"93684001,ECG,,,,,,,,,2602",0
2354198.1341743,"93686000,ECG,,,,,,,,,1719",0
2354198.1361309,"93688004,ECG,,,,,,,,,1054",0
2354198.1380515,"93690000,ECG,,,,,,,,,875",0
2354198.1400775,"93692003,ECG,,,,,,,,,1211",0
2354198.1421798,"93694003,ECG,,,,,,,,,1994",0
2354198.1481086,"93699203,IMU,0.000,-0.043,0.881,1.461,1.043,2.991,89.809,-0.000,300.020",0
2354198.1488344,"93699834,ECG,,,,,,,,,3804",0
2354198.1495391,"93700151,ECG,,,,,,,,,3798",0
2354198.1502647,"93700297,ECG,,,,,,,,,3788",0
2354198.1509586,"93702003,ECG,,,,,,,,,3417",0
2354198.1520862,"93704002,ECG,,,,,,,,,2631",0
2354198.1540844,"93706001,ECG,,,,,,,,,1736",0
2354198.1561064,"93708001,ECG,,,,,,,,,1053",0
2354198.1580573,"93710000,ECG,,,,,,,,,864",0
2354198.1600834,"93712003,ECG,,,,,,,,,1194",0
2354198.1620825,"93714002,ECG,,,,,,,,,1967",0
2354198.1681006,"93719211,IMU,0.004,-0.047,0.877,1.461,0.904,3.061,89.810,-0.000,299.417",0
2354198.1688071,"93719874,ECG,,,,,,,,,3783",0
2354198.1695558,"93720188,ECG,,,,,,,,,3771",0
2354198.1702332,"93720334,ECG,,,,,,,,,3767",0
2354198.1709192,"93722000,ECG,,,,,,,,,3389",0
2354198.17211,"93724000,ECG,,,,,,,,,2606",0
2354198.1740921,"93726003,ECG,,,,,,,,,1724",0
2354198.1760851,"93728002,ECG,,,,,,,,,1054",0
2354198.1780963,"93730001,ECG,,,,,,,,,871",0
2354198.1801974,"93732000,ECG,,,,,,,,,1208",0
2354198.1881437,"93739088,IMU,0.004,-0.051,0.877,1.043,0.835,2.991,89.808,-0.001,299.153",0
2354198.1888949,"93739751,ECG,,,,,,,,,3790",0
2354198.189578,"93740076,ECG,,,,,,,,,3787",0
2354198.1902573,"93740237,ECG,,,,,,,,,3783",0
2354198.1909432,"93740399,ECG,,,,,,,,,3768",0
2354198.1916251,"93742001,ECG,,,,,,,,,3403",0
2354198.1923142,"93744000,ECG,,,,,,,,,2618",0
2354198.1940902,"93746003,ECG,,,,,,,,,1727",0
2354198.1962661,"93748000,ECG,,,,,,,,,1063",0
2354198.1981407,"93750000,ECG,,,,,,,,,875",0
2354198.2000956,"93752002,ECG,,,,,,,,,1208",0
2354198.2021008,"93754002,ECG,,,,,,,,,1991",0
2354198.2085351,"93759209,IMU,0.000,-0.047,0.877,1.739,1.322,2.922,89.810,-0.000,299.670",0
2354198.209716,"93759853,ECG,,,,,,,,,3789",0
2354198.2111214,"93760171,ECG,,,,,,,,,3786",0
2354198.2121034,"93760317,ECG,,,,,,,,,3772",0
2354198.2127961,"93762003,ECG,,,,,,,,,3390",0
2354198.2134712,"93764002,ECG,,,,,,,,,2600",0
2354198.2141502,"93766001,ECG,,,,,,,,,1707",0
2354198.2160963,"93768000,ECG,,,,,,,,,1040",0
2354198.2180752,"93770000,ECG,,,,,,,,,861",0
2354198.2201033,"93772003,ECG,,,,,,,,,1195",0
2354198.2220985,"93774002,ECG,,,,,,,,,1974",0
2354198.2281338,"93779212,IMU,0.004,-0.043,0.881,1.322,0.904,2.991,89.809,-0.000,299.133",0
2354198.2288571,"93779865,ECG,,,,,,,,,3785",0
2354198.2295483,"93780187,ECG,,,,,,,,,3773",0
2354198.2302415,"93780333,ECG,,,,,,,,,3759",0
2354198.2309353,"93782003,ECG,,,,,,,,,3402",0
2354198.2321698,"93784002,ECG,,,,,,,,,2618",0
2354198.2341146,"93786001,ECG,,,,,,,,,1723",0
2354198.2361082,"93788000,ECG,,,,,,,,,1053",0
2354198.2380718,"93790000,ECG,,,,,,,,,861",0
2354198.240089,"93792002,ECG,,,,,,,,,1200",0
2354198.2421721,"93794002,ECG,,,,,,,,,1982",0
2354198.2480971,"93799209,IMU,0.000,-0.047,0.881,1.252,1.113,2.991,89.810,-0.000,298.519",0
2354198.2488052,"93799851,ECG,,,,,,,,,3816",0
2354198.2494961,"93800167,ECG,,,,,,,,,3807",0
2354198.2501802,"93800313,ECG,,,,,,,,,3800",0
2354198.2508704,"93802000,ECG,,,,,,,,,3422",0
2354198.2521181,"93804003,ECG,,,,,,,,,2635",0
2354198.2540963,"93806003,ECG,,,,,,,,,1737",0
2354198.256092,"93808000,ECG,,,,,,,,,1054",0
2354198.2580819,"93810003,ECG,,,,,,,,,855",0
2354198.2601304,"93812002,ECG,,,,,,,,,1176",0
2354198.2621046,"93814001,ECG,,,,,,,,,1946",0
2354198.2681059,"93819213,IMU,0.004,-0.051,0.881,1.530,1.113,3.061,89.810,-0.000,298.519",0
2354198.2688099,"93819864,ECG,,,,,,,,,3751",0
2354198.2695019,"93820180,ECG,,,,,,,,,3739",0
2354198.2701836,"93820326,ECG,,,,,,,,,3726",0
2354198.2708823,"93822003,ECG,,,,,,,,,3370",0
2354198.2721633,"93824002,ECG,,,,,,,,,2588",0
2354198.274109,"93826001,ECG,,,,,,,,,1695",0
2354198.2760935,"93828000,ECG,,,,,,,,,1024",0
2354198.2780687,"93830000,ECG,,,,,,,,,846",0
2354198.2802168,"93832002,ECG,,,,,,,,,1182",0
2354198.2821082,"93834002,ECG,,,,,,,,,1976",0
2354198.2881142,"93839213,IMU,0.004,-0.043,0.877,1.461,0.974,3.061,89.808,-0.000,298.519",0
2354198.2888065,"93839867,ECG,,,,,,,,,3800",0
2354198.2894876,"93840188,ECG,,,,,,,,,3787",0
2354198.2901718,"93840334,ECG,,,,,,,,,3772",0
2354198.2908612,"93842003,ECG,,,,,,,,,3415",0
2354198.2921035,"93844003,ECG,,,,,,,,,2633",0
2354198.2940939,"93846002,ECG,,,,,,,,,1743",0
2354198.2960953,"93848001,ECG,,,,,,,,,1081",0
2354198.2980781,"93850000,ECG,,,,,,,,,887",0
2354198.300105,"93852003,ECG,,,,,,,,,1210",0
2354198.3021439,"93854002,ECG,,,,,,,,,1981",0
2354198.308423,"93859240,IMU,0.000,-0.043,0.881,1.600,0.765,2.713,89.810,-0.001,298.519",0
2354198.3092,"93859906,ECG,,,,,,,,,3767",0
2354198.3099395,"93860218,ECG,,,,,,,,,3754",0
2354198.3106362,"93860364,ECG,,,,,,,,,3740",0
2354198.3113227,"93862000,ECG,,,,,,,,,3373",0
2354198.3121243,"93864003,ECG,,,,,,,,,2586",0
2354198.314118,"93866002,ECG,,,,,,,,,1694",0
2354198.3161298,"93868003,ECG,,,,,,,,,1024",0
2354198.3180877,"93870003,ECG,,,,,,,,,844",0
2354198.3202117,"93872001,ECG,,,,,,,,,1176",0
2354198.322181,"93874001,ECG,,,,,,,,,1948",0
2354198.3280784,"93879241,IMU,0.000,-0.043,0.881,1.530,1.113,3.200,89.809,-0.001,298.519",0
2354198.3287657,"93879915,ECG,,,,,,,,,3788",0
2354198.3294403,"93880229,ECG,,,,,,,,,3785",0
2354198.3301187,"93880375,ECG,,,,,,,,,3771",0
2354198.3308083,"93882003,ECG,,,,,,,,,3419",0
2354198.3321324,"93884003,ECG,,,,,,,,,2632",0
2354198.3343314,"93886002,ECG,,,,,,,,,1739",0
2354198.336123,"93888001,ECG,,,,,,,,,1066",0
2354198.3381571,"93890001,ECG,,,,,,,,,874",0
2354198.3401957,"93892004,ECG,,,,,,,,,1211",0
2354198.342137,"93894003,ECG,,,,,,,,,1995",0
2354198.3481947,"93899207,IMU,0.004,-0.047,0.881,1.322,1.113,3.061,89.810,-0.000,299.067",0
2354198.3489377,"93899860,ECG,,,,,,,,,3864",0
2354198.3497809,"93900189,ECG,,,,,,,,,3849",0
2354198.3506692,"93900351,ECG,,,,,,,,,3836",0
2354198.3513588,"93902001,ECG,,,,,,,,,3470",0
2354198.3521143,"93904000,ECG,,,,,,,,,2685",0
2354198.3541215,"93906003,ECG,,,,,,,,,1790",0
2354198.3561088,"93908002,ECG,,,,,,,,,1111",0
2354198.3580877,"93910001,ECG,,,,,,,,,894",0
2354198.3601386,"93912000,ECG,,,,,,,,,1198",0
2354198.3621238,"93914001,ECG,,,,,,,,,1960",0
2354198.3681047,"93919211,IMU,0.000,-0.047,0.885,1.739,0.904,2.852,89.808,-0.000,299.972",0
2354198.3688046,"93919853,ECG,,,,,,,,,3769",0
2354198.3694841,"93920168,ECG,,,,,,,,,3757",0
2354198.3701689,"93920314,ECG,,,,,,,,,3752",0
2354198.3708506,"93922001,ECG,,,,,,,,,3388",0
2354198.3721152,"93924000,ECG,,,,,,,,,2606",0
2354198.3740988,"93926000,ECG,,,,,,,,,1711",0
2354198.3761198,"93928001,ECG,,,,,,,,,1037",0
2354198.3780966,"93930000,ECG,,,,,,,,,844",0
2354198.3802353,"93932003,ECG,,,,,,,,,1176",0
2354198.3821173,"93934002,ECG,,,,,,,,,1960",0
2354198.3881321,"93939211,IMU,0.000,-0.043,0.885,1.252,1.043,2.922,89.808,-0.000,298.301",0
2354198.3888426,"93939848,ECG,,,,,,,,,3806",0
2354198.3895293,"93940162,ECG,,,,,,,,,3803",0
2354198.3902125,"93940309,ECG,,,,,,,,,3791",0
2354198.3909087,"93942002,ECG,,,,,,,,,3434",0
2354198.3921232,"93944001,ECG,,,,,,,,,2650",0
2354198.3941058,"93946000,ECG,,,,,,,,,1755",0
2354198.3961835,"93948003,ECG,,,,,,,,,1084",0
2354198.3980944,"93950003,ECG,,,,,,,,,889",0
2354198.4001099,"93952001,ECG,,,,,,,,,1209",0
2354198.4021227,"93954000,ECG,,,,,,,,,1968",0
2354198.4080867,"93959210,IMU,0.000,-0.047,0.874,1.043,1.322,2.852,89.811,-0.000,299.442",0
2354198.4087797,"93959846,ECG,,,,,,,,,3769",0
2354198.4094662,"93960175,ECG,,,,,,,,,3758",0
2354198.4101492,"93960336,ECG,,,,,,,,,3751",0
2354198.4109334,"93962003,ECG,,,,,,,,,3391",0
2354198.4121279,"93964002,ECG,,,,,,,,,2618",0
2354198.4141203,"93966002,ECG,,,,,,,,,1727",0
2354198.4161277,"93968000,ECG,,,,,,,,,1067",0
2354198.4180963,"93970000,ECG,,,,,,,,,872",0
2354198.4201135,"93972002,ECG,,,,,,,,,1193",0
2354198.4221175,"93974000,ECG,,,,,,,,,1961",0
2354198.4281195,"93979209,IMU,0.000,-0.047,0.885,1.530,1.391,2.991,89.808,-0.000,299.914",0
2354198.4288371,"93979851,ECG,,,,,,,,,3786",0
2354198.4295213,"93980164,ECG,,,,,,,,,3784",0
2354198.4302017,"93980310,ECG,,,,,,,,,3770",0
2354198.4308967,"93982001,ECG,,,,,,,,,3417",0
2354198.4321219,"93984000,ECG,,,,,,,,,2648",0
2354198.4341266,"93986004,ECG,,,,,,,,,1768",0
2354198.4361186,"93988001,ECG,,,,,,,,,1088",0
2354198.4380909,"93990000,ECG,,,,,,,,,862",0
2354198.4401143,"93992003,ECG,,,,,,,,,1119",0
2354198.4421287,"93994002,ECG,,,,,,,,,1853",0
