29112,0.992,-0.056,0.184,-1.11,2.71,2.71,-80.136,-18.855,30.204,0,378
29132,0.996,-0.048,0.164,1.81,0.83,3.62,-79.647,-16.461,30.138,0,381
29154,1.000,-0.060,0.172,3.06,0.00,1.81,-79.566,-22.716,30.336,0,368
29174,1.012,-0.056,0.168,1.18,1.88,2.43,-80.080,-18.436,30.336,0,368
29196,1.008,-0.044,0.172,0.90,2.71,2.64,-80.017,-14.350,30.336,0,376
29216,1.008,-0.048,0.176,1.46,2.30,2.50,-79.748,-15.256,30.336,0,374
29237,1.000,-0.060,0.172,1.46,2.09,2.37,-79.682,-19.232,30.336,0,366
29258,0.992,-0.056,0.176,1.04,1.95,2.43,-79.459,-17.651,30.436,0,345
29279,0.992,-0.060,0.176,0.70,1.95,3.20,-79.310,-16.115,30.391,0,330
29300,0.996,-0.052,0.176,2.02,3.06,2.71,-80.213,-18.855,30.338,0,334
29321,0.996,-0.048,0.184,1.60,1.88,2.71,-79.025,-14.324,30.368,0,338
29341,1.008,-0.052,0.156,1.74,3.69,2.71,-80.741,-18.436,30.358,0,318
29363,1.004,-0.060,0.192,1.46,1.95,2.16,-78.676,-17.355,30.358,0,308
29383,1.012,-0.056,0.168,1.67,1.46,2.23,-80.080,-18.436,30.358,0,301
29405,1.008,-0.048,0.180,0.35,2.09,2.43,-79.535,-14.933,30.358,0,294
29425,1.004,-0.052,0.176,0.07,2.30,2.92,-79.647,-16.461,30.358,0,302
29446,1.004,-0.060,0.180,-0.70,2.30,2.99,-79.052,-18.062,30.269,0,327
29467,0.996,-0.060,0.184,-0.28,1.67,2.85,-79.119,-16.929,30.492,0,343
29488,0.992,-0.060,0.184,0.07,1.25,2.85,-79.288,-17.283,30.414,0,366
29509,0.992,-0.056,0.180,0.14,1.32,3.06,-79.246,-17.283,30.359,0,354
29530,1.000,-0.048,0.176,0.07,1.60,3.13,-79.667,-15.256,30.258,0,327
29550,1.000,-0.048,0.176,-0.35,1.95,2.92,-79.667,-15.256,30.258,0,311
29572,1.008,-0.048,0.172,0.00,1.67,2.85,-79.960,-15.594,30.258,0,391
29592,1.008,-0.048,0.176,0.42,1.18,2.85,-79.748,-15.256,30.258,0,230
29614,1.004,-0.044,0.192,-2.37,0.49,3.20,-78.467,-17.022,30.258,0,181
29634,1.000,-0.064,0.180,0.49,0.42,2.99,-81.465,-21.803,30.347,0,324
29655,1.000,-0.064,0.176,-1.74,1.32,3.48,-79.399,-19.985,30.304,0,351
29676,1.000,-0.068,0.188,-2.71,2.16,2.43,-78.700,-19.887,30.271,0,370
29697,0.996,-0.056,0.168,0.42,2.23,3.06,-79.924,-18.436,30.213,0,383
29718,1.004,-0.056,0.180,2.37,-0.21,2.85,-79.372,-17.283,30.305,0,369
29739,1.000,-0.064,0.176,1.95,0.56,2.02,-79.399,-19.985,30.305,0,369
29759,1.008,-0.056,0.176,0.28,2.23,2.09,-80.148,-17.200,30.305,0,376
29780,1.008,-0.044,0.168,1.11,2.37,2.16,-79.640,-12.530,30.305,0,384
29801,1.008,-0.048,0.180,1.67,1.95,2.37,-79.453,-14.933,30.305,0,374
29822,0.992,-0.052,0.172,0.90,2.09,2.37,-79.739,-16.823,30.435,0,369
29843,0.992,-0.052,0.180,0.42,2.37,2.85,-79.310,-16.115,30.213,0,342
29863,0.992,-0.060,0.180,0.56,2.16,2.99,-79.178,-18.436,30.403,0,335
29885,1.000,-0.060,0.172,2.16,1.95,2.50,-79.682,-19.232,30.468,0,342
29905,1.008,-0.048,0.184,1.32,3.27,2.57,-79.323,-14.622,30.468,0,322
29927,1.004,-0.056,0.168,0.83,2.02,3.20,-78.968,-15.462,30.479,0,310
29947,1.004,-0.060,0.192,1.25,1.46,2.71,-79.623,-17.651,30.479,0,301
29969,1.008,-0.052,0.184,0.56,1.46,2.57,-79.763,-14.037,30.479,0,290
29989,1.004,-0.044,0.180,-0.14,1.88,2.99,-79.549,-13.737,30.479,0,286
30010,1.004,-0.052,0.188,-0.42,2.37,2.92,-79.011,-15.462,30.468,0,308
30031,0.992,-0.060,0.184,-0.28,1.74,2.78,-78.966,-18.062,30.447,0,326
30052,0.996,-0.060,0.184,0.07,0.63,2.50,-79.010,-18.062,30.336,0,341
30073,1.000,-0.060,0.180,0.14,0.49,2.43,-79.262,-18.436,30.424,0,348
30094,1.004,-0.052,0.172,-0.42,0.42,2.57,-79.494,-14.933,30.349,0,348
30114,1.008,-0.048,0.196,-0.97,-0.42,2.23,-78.675,-14.860,30.404,1,315
30136,1.008,-0.056,0.184,-1.11,0.14,2.43,-79.590,-13.737,30.404,1,307
30156,1.004,-0.044,0.172,-3.27,1.39,2.57,-79.978,-14.350,30.404,1,302
30178,1.004,-0.052,0.172,-2.02,0.63,2.85,-79.859,-16.823,30.404,1,376
30198,0.996,-0.064,0.172,-1.81,-0.56,2.50,-79.566,-20.411,30.404,1,286
30219,0.996,-0.060,0.196,-2.78,-1.88,2.57,-78.377,-17.022,30.302,1,215
30240,1.000,-0.060,0.168,0.56,-1.46,2.16,-79.891,-19.655,30.347,1,361
30261,1.004,-0.048,0.160,-2.92,0.42,3.27,-79.095,-18.062,30.325,1,379
30282,1.004,-0.060,0.180,-5.15,1.11,2.64,-79.220,-18.436,30.161,1,377
30303,0.992,-0.052,0.168,-1.74,0.00,2.99,-80.663,-17.104,30.249,1,364
30323,1.008,-0.052,0.176,0.42,-1.81,3.06,-79.687,-16.461,30.249,1,358
30345,1.012,-0.064,0.164,0.90,-1.04,1.95,-80.138,-21.319,30.249,1,359
30365,1.016,-0.052,0.172,-1.25,0.42,2.37,-79.976,-16.823,30.249,1,367
30387,1.012,-0.052,0.176,-1.39,0.42,2.37,-79.727,-16.461,30.249,1,404
30407,1.004,-0.056,0.168,-0.63,-0.28,2.43,-80.003,-18.436,30.257,1,413
30428,0.996,-0.052,0.168,-0.83,-0.49,2.16,-80.380,-18.005,30.239,1,396
30449,0.992,-0.060,0.168,-1.04,-0.83,2.43,-80.112,-21.803,30.260,1,363
30470,1.000,-0.052,0.172,-1.04,-1.25,2.57,-79.819,-16.823,30.181,1,337
30491,1.012,-0.056,0.160,-0.56,-0.90,2.50,-80.497,-19.291,30.424,1,310
30512,1.008,-0.048,0.168,-1.67,0.90,2.92,-80.172,-15.947,30.424,1,300
30532,1.012,-0.056,0.160,-1.32,-0.14,2.64,-80.497,-19.291,30.424,1,291
30554,1.012,-0.056,0.160,-1.18,-0.49,2.64,-80.497,-19.291,30.424,1,287
30574,1.004,-0.060,0.160,-1.53,-0.70,3.13,-80.042,-18.436,30.424,1,305
30596,1.004,-0.056,0.156,-2.50,0.49,3.27,-80.704,-18.436,30.129,1,323
30616,1.004,-0.052,0.160,-2.57,0.77,3.27,-79.893,-20.856,29.927,1,338
30637,1.008,-0.068,0.164,-2.30,0.90,2.78,-80.017,-22.522,30.062,1,345
30658,1.008,-0.060,0.160,-1.53,0.83,2.85,-80.384,-20.558,30.304,1,350
30679,1.004,-0.060,0.164,-1.81,0.56,3.27,-80.139,-20.097,30.114,1,322
30700,1.000,-0.060,0.156,-1.60,0.77,3.41,-80.517,-21.039,30.114,1,320
30721,1.012,-0.052,0.160,-0.90,0.07,3.41,-80.567,-18.005,30.114,1,307
30741,1.008,-0.056,0.164,-1.67,0.49,3.20,-80.530,-18.005,30.114,1,291
30763,1.008,-0.064,0.156,-1.74,0.56,3.27,-80.912,-20.226,30.114,1,303
30783,1.012,-0.056,0.152,-2.78,0.97,2.92,-80.797,-21.543,30.030,1,339
30804,1.000,-0.068,0.152,-1.46,0.35,2.85,-80.552,-24.104,29.863,1,448
30825,1.004,-0.064,0.160,0.07,0.28,2.78,-80.267,-21.803,29.962,1,213
30845,1.000,-0.060,0.160,-1.60,0.00,2.85,-80.309,-20.558,29.941,1,359
30867,1.016,-0.064,0.104,1.18,0.14,3.41,-83.153,-31.610,29.886,1,335
30887,1.016,-0.064,0.164,-1.81,0.83,2.37,-80.176,-21.319,29.886,1,324
30909,0.992,-0.060,0.152,-2.50,0.70,1.60,-81.623,-20.926,29.886,1,318
30929,0.992,-0.048,0.152,0.14,-0.28,2.99,-80.668,-19.748,29.886,1,314
30950,1.020,-0.068,0.148,1.46,0.83,1.95,-81.095,-28.498,29.886,1,329
30971,1.016,-0.064,0.148,0.21,1.39,3.41,-80.988,-23.387,29.858,1,365
30992,1.012,-0.060,0.156,0.14,1.60,2.23,-80.628,-21.039,29.938,1,389
31013,1.000,-0.056,0.152,0.21,1.60,2.16,-80.805,-20.226,29.918,1,407
31034,1.000,-0.060,0.148,0.77,1.04,2.37,-80.932,-22.070,29.962,1,397
31054,1.008,-0.060,0.148,-0.14,1.88,2.64,-81.003,-22.070,29.960,1,342
31076,1.004,-0.056,0.148,-0.07,1.67,2.64,-80.493,-18.005,29.960,1,315
31096,1.004,-0.056,0.152,-0.49,2.16,2.78,-81.498,-21.803,29.960,1,302
31118,1.012,-0.044,0.156,-1.04,1.95,2.92,-80.047,-19.655,29.960,1,301
31138,1.008,-0.068,0.144,-0.21,2.30,2.92,-81.028,-25.280,29.960,1,306
31159,0.996,-0.056,0.156,-0.28,1.46,3.20,-80.558,-19.748,29.983,1,336
31180,1.000,-0.068,0.156,0.21,0.83,2.64,-80.348,-23.554,29.744,1,357
31201,1.004,-0.064,0.152,-1.67,1.67,2.71,-80.677,-22.835,30.035,1,370
31222,1.008,-0.064,0.152,-0.42,1.95,2.99,-80.714,-22.835,29.665,1,381
31243,1.012,-0.064,0.160,-1.25,1.67,2.57,-80.833,-21.543,29.797,1,352
31263,1.000,-0.064,0.156,0.56,1.18,2.37,-80.677,-22.835,29.797,1,340
31285,1.004,-0.060,0.152,-0.63,1.32,2.50,-80.761,-21.543,29.797,1,331
31305,1.000,-0.060,0.156,0.56,0.97,2.57,-80.517,-21.039,29.797,1,331
31327,1.008,-0.060,0.156,0.56,1.25,2.85,-80.591,-21.039,29.797,1,327
31347,1.008,-0.068,0.152,0.00,1.32,2.57,-80.626,-24.104,29.873,1,346
31368,1.004,-0.064,0.148,0.42,1.04,2.78,-80.882,-23.387,29.830,1,363
31389,1.008,-0.068,0.156,-0.14,0.70,2.57,-80.423,-23.554,29.993,1,373
31410,1.004,-0.068,0.156,1.04,0.56,2.37,-80.423,-23.554,29.950,1,491
31431,1.012,-0.068,0.148,2.43,0.70,2.50,-80.912,-20.226,29.895,1,251
31452,1.004,-0.056,0.164,0.90,0.77,2.57,-80.213,-18.855,29.850,1,327
31472,1.004,-0.056,0.120,2.09,-0.07,3.06,-82.492,-25.019,29.850,1,326
31494,1.008,-0.072,0.168,1.53,-0.28,1.88,-79.728,-23.200,29.850,1,316
31514,0.996,-0.044,0.140,-3.48,1.95,2.57,-81.624,-17.448,29.850,1,312
31536,0.996,-0.056,0.140,0.97,-0.49,3.62,-81.397,-21.803,29.805,1,338
31556,1.016,-0.072,0.144,3.48,0.28,3.06,-81.297,-25.908,30.026,1,359
31577,1.008,-0.060,0.148,0.90,1.88,3.13,-80.876,-20.226,30.049,1,375
31598,1.012,-0.064,0.156,1.67,1.74,2.50,-80.750,-22.835,30.063,1,393
31619,1.008,-0.056,0.152,1.32,1.81,2.02,-80.876,-20.226,29.799,1,380
31639,0.996,-0.056,0.144,1.67,1.18,2.50,-81.188,-21.252,29.878,1,369
31661,0.992,-0.064,0.148,2.16,0.70,2.71,-80.774,-23.387,29.878,1,345
31681,1.000,-0.048,0.140,0.35,1.25,3.20,-81.587,-18.926,29.878,1,333
31703,0.996,-0.052,0.148,0.28,1.18,3.13,-81.055,-19.360,29.878,1,323
31723,1.004,-0.048,0.136,0.07,1.95,3.27,-79.881,-15.594,29.878,1,345
31744,1.004,-0.056,0.160,-1.25,2.92,3.34,-81.209,-22.622,29.908,1,352
31765,1.008,-0.052,0.140,-0.42,1.11,4.10,-80.213,-18.855,30.041,1,350
31785,0.996,-0.072,0.136,-0.70,0.14,3.83,-81.223,-27.899,29.862,1,352
31807,1.012,-0.060,0.144,-1.18,0.28,3.69,-81.243,-22.622,29.774,1,335
31827,1.012,-0.056,0.148,-0.70,0.97,3.83,-81.119,-20.727,29.629,1,309
31848,1.008,-0.060,0.148,-1.74,0.21,3.97,-81.003,-22.070,29.629,1,290
31869,1.008,-0.068,0.132,-0.21,0.07,3.20,-81.626,-27.257,29.629,1,279
31890,0.988,-0.056,0.144,-1.25,0.63,3.83,-81.925,-23.631,29.629,1,269
31911,0.992,-0.060,0.132,0.49,0.83,4.45,-81.089,-25.908,29.629,1,296
31932,1.000,-0.068,0.140,0.21,0.35,4.10,-81.492,-25.203,29.730,1,306
31952,1.004,-0.072,0.136,0.07,1.11,3.83,-81.292,-27.899,29.632,1,317
31974,0.996,-0.064,0.140,0.14,0.77,3.41,-81.220,-24.569,29.883,1,327
31994,1.012,-0.072,0.144,0.14,0.70,3.41,-80.967,-26.567,29.720,0,383
32016,1.008,-0.072,0.148,1.18,0.00,3.06,-80.733,-25.944,29.688,0,256
32036,1.000,-0.068,0.152,0.83,-0.97,3.41,-80.552,-24.104,29.688,0,208
32057,1.000,-0.064,0.148,2.99,-1.32,3.06,-82.879,-30.653,29.688,0,279
32078,1.004,-0.056,0.124,1.88,-3.13,3.97,-80.022,-21.319,29.688,0,276
32099,1.008,-0.080,0.128,-0.14,0.07,2.71,-82.062,-27.302,29.688,0,294
32120,0.992,-0.060,0.136,-1.39,0.28,4.03,-81.484,-23.808,29.602,0,320
32141,1.012,-0.072,0.144,2.16,-1.88,2.78,-80.967,-26.567,29.634,0,342
32161,1.008,-0.076,0.132,1.95,-0.28,2.37,-81.413,-29.934,29.568,0,364
32183,1.012,-0.064,0.136,1.18,0.83,2.50,-81.558,-25.203,29.505,0,379
32203,1.020,-0.056,0.144,1.60,0.83,2.99,-81.393,-21.252,29.633,0,365
32225,1.016,-0.060,0.136,1.46,0.42,3.27,-81.413,-23.200,29.633,0,348
32245,1.008,-0.060,0.132,1.53,0.77,2.78,-81.289,-24.569,29.633,0,317
32266,1.008,-0.068,0.136,0.70,0.83,1.95,-81.155,-23.964,29.633,0,289
32287,1.008,-0.060,0.148,1.04,0.56,2.37,-81.003,-22.070,29.633,0,294
32308,1.008,-0.064,0.124,1.67,0.42,3.20,-82.124,-27.302,29.581,0,318
32328,1.004,-0.064,0.140,0.07,0.83,2.99,-81.289,-24.569,29.582,0,339
32350,1.000,-0.064,0.112,-0.49,-0.28,3.27,-82.656,-29.747,29.582,0,358
32370,1.004,-0.076,0.144,0.97,-1.32,2.50,-80.794,-27.826,29.681,0,368
32392,1.008,-0.072,0.132,0.97,-2.16,2.30,-81.073,-22.070,29.734,0,340
32412,1.020,-0.068,0.140,0.90,-2.43,2.37,-81.832,-22.382,29.734,0,327
32433,1.024,-0.068,0.132,0.70,-1.53,2.43,-81.755,-27.257,29.734,0,315
32454,1.016,-0.060,0.136,1.04,-1.81,2.23,-81.682,-23.808,29.734,0,307
32475,1.012,-0.064,0.128,1.53,-1.11,2.09,-81.957,-26.567,29.734,0,309
32496,0.996,-0.064,0.124,0.70,-0.21,1.95,-82.031,-27.302,29.375,0,338
32517,1.000,-0.064,0.132,0.35,0.07,2.50,-81.660,-25.868,29.653,0,362
32537,1.004,-0.064,0.112,0.70,0.00,2.85,-82.124,-27.302,29.594,0,367
32559,1.004,-0.060,0.128,0.49,0.35,2.78,-82.255,-25.823,29.616,0,364
32579,1.012,-0.056,0.124,0.42,0.70,2.37,-82.522,-25.019,29.552,0,337
32601,1.012,-0.064,0.128,-0.14,1.60,2.43,-81.957,-26.567,29.552,0,322
32621,1.016,-0.064,0.120,-0.63,2.09,2.30,-82.382,-28.075,29.552,0,420
32642,1.012,-0.060,0.128,1.18,1.95,2.02,-82.054,-25.117,29.552,0,158
32663,1.020,-0.056,0.140,0.70,1.60,1.88,-81.597,-21.803,29.552,0,295
32684,1.016,-0.068,0.084,1.67,1.04,2.37,-83.934,-38.994,29.413,0,335
32705,1.012,-0.072,0.136,0.83,0.83,2.02,-81.144,-30.468,29.741,0,352
32726,1.012,-0.072,0.136,-2.30,1.60,1.53,-82.907,-30.653,29.586,0,367
32746,1.004,-0.052,0.124,1.53,-0.90,2.64,-82.224,-25.823,29.684,0,378
32768,1.024,-0.072,0.120,4.03,-2.16,0.97,-82.224,-30.966,29.608,0,363
32788,1.024,-0.064,0.124,3.20,-0.07,1.46,-82.246,-27.302,29.663,0,358
32809,1.020,-0.052,0.128,2.85,1.04,1.81,-82.292,-22.111,29.663,0,363
32830,1.020,-0.044,0.124,1.74,0.97,2.37,-82.656,-19.538,29.663,0,359
32850,1.016,-0.048,0.128,2.02,1.25,2.50,-82.343,-20.558,29.663,0,341
32872,1.008,-0.048,0.120,1.32,1.74,2.71,-82.980,-26.567,29.828,0,337
32892,1.012,-0.064,0.116,0.77,2.71,2.50,-82.155,-27.302,29.938,0,332
32914,1.004,-0.060,0.124,0.63,3.55,1.46,-82.666,-25.771,29.873,0,338
32934,1.012,-0.052,0.132,1.67,3.83,2.64,-82.026,-21.503,29.809,0,346
32955,1.020,-0.052,0.104,2.16,5.70,2.64,-83.503,-26.567,29.870,0,332
32976,1.012,-0.048,0.128,0.35,5.43,3.06,-82.313,-20.558,29.826,0,313
32997,1.016,-0.064,0.120,3.13,4.31,2.64,-82.382,-28.075,29.826,0,299
33018,1.016,-0.048,0.124,0.56,4.17,3.13,-82.550,-21.163,29.826,0,289
33039,1.016,-0.052,0.132,0.97,3.90,3.62,-81.915,-24.446,29.826,0,282
33059,1.012,-0.056,0.136,2.43,3.76,3.20,-81.737,-22.382,29.837,0,306
33081,1.012,-0.056,0.136,1.32,4.45,2.64,-81.927,-19.441,29.806,0,320
33101,1.008,-0.056,0.136,0.42,4.66,2.92,-81.705,-22.382,29.937,0,330
33123,1.008,-0.064,0.128,2.23,3.90,4.03,-81.926,-26.567,29.837,0,342
33143,1.016,-0.052,0.136,1.32,3.83,3.41,-81.851,-20.926,29.903,0,328
33164,1.012,-0.052,0.132,1.32,3.69,3.41,-82.026,-21.503,29.960,0,319
33185,1.012,-0.048,0.136,1.25,2.85,3.48,-81.895,-19.441,29.960,0,306
33206,1.004,-0.052,0.140,1.04,2.71,2.50,-81.476,-18.436,29.960,0,287
33227,1.016,-0.056,0.140,0.56,3.27,3.13,-81.755,-17.448,29.960,0,282
33248,1.012,-0.064,0.140,0.07,4.03,3.62,-81.357,-24.569,29.960,0,314
33268,1.008,-0.072,0.136,0.90,3.20,3.06,-81.326,-27.899,29.959,0,430
33290,1.008,-0.068,0.144,0.97,2.71,2.99,-81.028,-25.280,29.946,0,193
33310,1.004,-0.064,0.156,-0.63,2.30,3.20,-80.472,-22.308,29.860,0,352
33332,1.016,-0.056,0.104,2.43,1.95,3.83,-83.375,-28.303,29.871,0,346
33352,1.020,-0.064,0.152,-0.63,2.57,3.41,-80.821,-22.835,30.000,0,333
33373,1.008,-0.060,0.140,-0.90,3.83,3.20,-81.878,-22.990,30.000,0,327
33394,1.000,-0.048,0.140,1.60,2.02,3.83,-81.442,-18.436,30.000,0,318
33415,1.016,-0.076,0.136,2.99,1.18,2.50,-81.288,-29.200,30.000,0,323
33435,1.008,-0.068,0.152,2.57,2.85,2.78,-80.626,-24.104,30.000,0,352
33457,1.012,-0.060,0.140,1.67,3.69,2.92,-81.447,-23.200,30.044,0,385
33477,1.004,-0.056,0.144,0.83,3.27,2.30,-81.257,-21.252,29.862,0,407
33499,1.008,-0.064,0.144,2.78,2.09,2.09,-81.121,-23.964,29.919,0,401
33519,1.012,-0.056,0.136,1.25,3.13,3.13,-81.231,-17.970,29.915,0,362
33540,1.008,-0.052,0.148,1.04,3.69,3.27,-81.084,-20.727,29.999,0,311
33561,1.016,-0.060,0.144,1.53,4.38,2.85,-82.085,-25.117,29.999,0,288
33582,1.004,-0.052,0.160,0.83,3.62,2.50,-80.493,-18.005,29.999,0,278
33603,1.008,-0.052,0.132,1.60,4.38,2.50,-81.994,-21.503,29.999,0,279
33624,1.012,-0.056,0.156,1.32,2.85,3.27,-80.705,-19.748,29.999,0,292
33644,1.004,-0.060,0.144,-0.63,3.27,3.34,-81.174,-22.622,30.120,0,317
33666,1.004,-0.060,0.144,1.18,2.50,3.13,-81.174,-22.622,30.051,0,335
33686,1.012,-0.060,0.152,-0.14,3.48,3.20,-80.797,-21.543,30.042,0,347
33708,1.008,-0.060,0.144,-0.77,3.55,2.85,-80.797,-21.543,29.968,0,352
33728,1.004,-0.064,0.164,-0.35,2.64,2.43,-80.358,-17.594,30.023,0,326
33748,1.008,-0.056,0.152,-0.56,2.16,3.34,-80.876,-20.226,30.023,0,316
33770,1.008,-0.056,0.152,-0.77,2.23,3.83,-80.876,-20.226,30.023,0,309
33790,1.008,-0.056,0.152,-0.70,2.43,3.69,-80.876,-20.226,30.023,0,303
33812,1.008,-0.056,0.144,-1.18,2.37,3.62,-81.292,-21.252,30.023,0,311
33832,1.008,-0.056,0.148,-1.32,2.23,3.27,-81.084,-20.727,29.976,0,346
33853,1.008,-0.060,0.156,-0.63,1.74,3.13,-80.472,-22.308,29.959,0,345
33874,1.008,-0.060,0.160,-1.53,2.02,2.85,-80.714,-22.835,29.942,0,354
33895,0.996,-0.060,0.152,-1.11,2.50,2.09,-80.472,-22.308,29.865,0,362
33916,1.012,-0.064,0.152,-0.49,2.37,2.99,-80.750,-22.835,29.922,0,473
33937,1.004,-0.060,0.160,-1.53,2.92,2.64,-80.347,-20.558,29.922,0,186
33957,1.008,-0.064,0.176,-0.49,1.53,3.13,-79.481,-19.985,29.922,0,272
33979,1.012,-0.060,0.128,0.77,2.09,2.43,-82.054,-25.117,29.922,0,315
33999,1.012,-0.056,0.168,-1.81,3.13,2.23,-80.080,-18.436,29.922,0,321
34021,1.004,-0.068,0.164,-2.78,3.90,2.37,-80.397,-22.308,29.911,0,355
34041,0.992,-0.056,0.144,-0.28,2.64,4.03,-80.456,-18.005,29.921,0,375
34062,1.004,-0.056,0.160,0.70,0.14,3.83,-80.258,-23.027,30.009,0,392
34083,1.008,-0.064,0.152,0.14,0.21,3.27,-80.714,-22.835,29.843,1,419
34104,1.016,-0.060,0.156,-1.53,0.97,3.48,-80.664,-21.039,29.838,1,416
34125,1.020,-0.060,0.160,-0.56,0.14,2.92,-80.496,-20.558,29.838,1,417
34146,1.016,-0.052,0.172,0.70,-0.90,2.50,-79.976,-16.823,29.838,1,401
34166,1.020,-0.056,0.164,-0.42,-0.07,2.16,-80.363,-18.855,29.838,1,359
34188,1.016,-0.052,0.152,-2.30,1.25,2.57,-80.177,-20.097,29.838,1,319
34208,1.004,-0.064,0.180,-1.25,1.11,2.43,-79.722,-19.232,29.855,1,329
34230,1.004,-0.072,0.152,-2.23,1.67,2.78,-79.527,-21.573,29.899,1,341
34250,1.008,-0.068,0.148,-2.92,2.16,3.76,-80.827,-24.679,29.623,1,355
34271,0.996,-0.068,0.160,-3.90,0.28,4.31,-80.105,-23.027,29.812,1,368
34292,1.008,-0.072,0.160,-2.78,-0.77,3.97,-80.132,-24.230,29.768,1,347
34313,1.012,-0.072,0.160,-2.92,-0.83,4.03,-80.170,-24.230,29.746,1,332
34334,1.012,-0.052,0.152,-3.55,0.28,4.38,-80.986,-18.887,29.746,1,318
34355,1.016,-0.060,0.160,-3.83,0.49,3.90,-80.833,-21.543,29.746,1,306
34375,1.008,-0.064,0.156,-3.90,-0.07,3.48,-80.509,-22.308,29.746,1,298
34397,1.000,-0.064,0.148,-3.69,-0.42,3.69,-80.846,-23.387,29.733,1,323
34417,1.004,-0.068,0.136,-2.92,-0.49,3.69,-81.394,-26.567,29.429,1,337
34439,1.004,-0.072,0.148,-2.16,-0.56,3.69,-80.696,-25.944,29.401,1,348
34459,1.004,-0.076,0.144,-1.67,-0.28,3.41,-80.794,-27.826,29.602,1,367
34480,1.012,-0.068,0.152,-2.02,-0.21,2.99,-80.662,-24.104,29.246,1,349
34501,1.012,-0.064,0.144,-2.30,0.35,3.06,-81.391,-24.569,29.227,1,321
34522,1.016,-0.068,0.140,-2.92,0.49,2.85,-81.198,-27.218,29.227,1,318
34543,1.012,-0.068,0.136,-3.20,1.18,2.85,-81.659,-27.257,29.227,1,310
34564,1.008,-0.072,0.144,-2.43,1.39,2.78,-80.931,-26.567,29.227,1,441
34585,1.004,-0.076,0.152,-1.95,1.60,2.78,-80.399,-26.567,29.227,1,188
34606,1.004,-0.072,0.156,-3.83,1.95,3.20,-80.295,-24.777,29.349,1,342
34626,1.012,-0.072,0.076,-3.20,3.27,3.83,-84.100,-43.455,29.308,1,367
34648,1.012,-0.080,0.164,-3.90,2.50,3.48,-79.785,-26.005,29.310,1,380
34668,1.004,-0.076,0.144,-3.20,2.09,2.09,-81.505,-30.702,29.406,1,375
34689,0.996,-0.068,0.136,-1.39,1.74,3.48,-80.896,-26.567,29.447,1,357
34710,1.016,-0.076,0.136,1.25,1.60,2.71,-81.233,-33.693,29.447,1,353
34731,1.020,-0.080,0.148,-1.04,3.41,2.71,-80.640,-28.395,29.447,1,356
34752,1.020,-0.080,0.148,-0.77,3.06,3.06,-80.640,-28.395,29.447,1,361
34772,1.000,-0.072,0.144,-0.42,2.30,3.13,-80.860,-26.567,29.447,1,395
34793,1.000,-0.080,0.144,1.11,1.74,2.57,-80.652,-29.057,29.207,1,414
34814,0.996,-0.080,0.136,0.70,1.81,2.50,-81.004,-30.468,29.207,1,415
34835,0.988,-0.076,0.140,0.42,1.95,3.20,-80.810,-29.747,29.191,1,401
34856,1.004,-0.080,0.144,0.83,2.85,2.99,-80.931,-26.567,29.174,1,387
34877,1.004,-0.072,0.140,0.00,2.71,3.06,-80.056,-22.522,29.281,1,369
34897,1.008,-0.080,0.144,-1.18,3.90,2.92,-80.725,-29.057,29.281,1,362
34919,1.004,-0.068,0.152,-0.90,2.64,3.62,-80.589,-24.104,29.281,1,358
34939,1.016,-0.072,0.148,-1.81,2.23,3.97,-80.804,-25.944,29.281,1,355
34961,1.004,-0.080,0.156,-1.60,2.02,3.55,-80.101,-27.152,29.281,1,379
34981,1.008,-0.068,0.148,-1.18,3.20,3.69,-80.827,-24.679,29.305,1,391
35002,1.012,-0.084,0.144,-0.70,3.83,3.27,-80.312,-30.738,29.210,1,400
35023,1.004,-0.088,0.156,-0.56,3.13,2.37,-80.149,-33.693,29.208,1,406
35044,1.000,-0.088,0.144,-0.21,3.06,1.88,-80.231,-28.929,29.196,1,402
35065,1.004,-0.084,0.160,1.81,1.74,1.88,-79.802,-27.702,29.010,1,369
35086,0.996,-0.080,0.148,0.83,2.30,2.16,-80.418,-28.395,29.010,1,352
35106,1.000,-0.080,0.160,1.11,1.25,2.57,-79.864,-26.567,29.010,1,323
35128,1.008,-0.076,0.140,1.04,1.11,2.57,-81.026,-28.498,29.010,1,309
35148,0.996,-0.076,0.144,-0.21,1.81,2.64,-80.721,-27.826,29.010,1,315
35170,0.992,-0.084,0.148,1.74,0.97,2.57,-80.198,-30.738,29.121,1,430
35190,0.996,-0.096,0.144,2.71,1.88,1.95,-80.347,-32.576,29.122,1,264
35211,0.992,-0.088,0.160,2.71,1.74,1.95,-79.576,-28.813,29.165,1,312
35232,0.996,-0.080,0.112,4.52,2.09,1.88,-82.138,-35.540,29.063,1,360
35253,1.008,-0.080,0.184,3.90,0.21,2.30,-78.748,-23.500,29.205,1,329
35274,1.000,-0.072,0.148,-0.56,2.43,1.46,-80.660,-25.944,29.205,1,315
35295,0.992,-0.068,0.140,2.09,0.56,2.30,-81.089,-25.908,29.205,1,297
35315,1.020,-0.080,0.164,4.45,-0.07,1.25,-80.198,-30.071,29.205,1,290
35337,1.020,-0.076,0.148,3.90,1.53,1.60,-80.075,-28.303,29.205,1,302
35357,1.004,-0.072,0.160,1.95,2.09,1.46,-80.436,-26.567,29.321,1,338
35378,1.008,-0.068,0.156,2.16,2.02,1.18,-80.423,-23.554,29.389,1,358
35399,0.996,-0.072,0.152,1.11,2.37,0.63,-80.421,-25.348,29.489,1,370
35420,0.992,-0.076,0.144,2.30,2.37,0.70,-80.685,-27.826,29.377,1,356
35441,1.004,-0.084,0.152,1.39,2.71,-0.21,-80.192,-28.929,29.559,1,302
35462,0.996,-0.068,0.156,0.28,2.37,0.83,-80.310,-23.554,29.559,1,277
35483,1.000,-0.064,0.144,2.09,1.04,1.74,-80.530,-18.005,29.559,1,264
35504,1.012,-0.056,0.172,-0.35,1.25,2.37,-81.370,-19.857,29.559,1,256
35524,1.012,-0.068,0.136,1.46,-0.14,2.71,-81.551,-23.808,29.559,1,262
35546,0.992,-0.064,0.148,-0.49,-0.56,3.06,-80.774,-23.387,29.629,1,301
35566,1.004,-0.068,0.152,0.07,-0.35,3.13,-80.589,-24.104,29.699,1,321
35588,1.012,-0.060,0.148,-1.95,0.70,3.69,-81.038,-22.070,29.684,1,339
35608,1.008,-0.068,0.152,-1.81,0.97,3.41,-80.626,-24.104,29.658,1,348
35629,1.012,-0.060,0.148,-0.90,1.18,3.41,-81.038,-22.070,29.499,1,326
35650,0.996,-0.064,0.148,-0.90,1.18,2.92,-80.846,-23.387,29.499,1,318
35671,0.996,-0.064,0.148,0.28,-0.49,3.41,-80.220,-23.027,29.499,1,324
35692,1.004,-0.072,0.148,-1.04,0.00,2.99,-80.435,-22.308,29.499,1,314
35713,0.996,-0.068,0.152,-0.35,0.14,3.13,-80.515,-24.104,29.499,1,310
35733,0.996,-0.072,0.144,-0.63,-0.21,3.34,-80.824,-26.567,29.534,1,332
35755,0.996,-0.072,0.140,-0.56,-0.83,2.99,-81.024,-27.218,29.583,1,377
35775,1.004,-0.068,0.136,-0.83,0.14,3.20,-81.394,-26.567,29.523,1,352
35795,1.004,-0.076,0.128,-0.14,0.21,3.20,-81.572,-30.702,29.492,1,253
35817,1.000,-0.072,0.148,1.32,0.49,2.78,-81.764,-31.507,29.498,1,331
35837,1.004,-0.068,0.112,1.60,-1.04,3.55,-79.689,-21.573,29.476,1,316
35859,1.012,-0.084,0.164,-2.43,1.88,2.37,-80.761,-29.057,29.476,1,303
35879,1.000,-0.068,0.128,-2.50,1.18,4.38,-81.759,-27.982,29.476,1,290
35900,1.000,-0.076,0.140,1.18,-1.18,3.69,-80.955,-28.498,29.476,0,290
35921,1.000,-0.076,0.128,1.18,1.25,3.97,-81.539,-30.702,29.476,0,321
35942,1.012,-0.076,0.140,-1.04,2.71,4.17,-81.060,-28.498,29.489,0,348
35963,1.012,-0.076,0.152,-1.11,1.88,2.92,-80.473,-26.567,29.470,0,368
35984,1.000,-0.072,0.148,-1.46,0.90,3.62,-80.788,-26.567,29.501,0,377
36004,0.988,-0.076,0.144,0.90,-0.49,3.76,-80.952,-27.218,29.364,0,341
36026,0.984,-0.076,0.136,2.37,-1.95,4.24,-81.009,-29.200,29.341,0,292
36046,1.004,-0.060,0.128,3.20,-0.97,4.03,-81.991,-25.117,29.341,0,268
36068,1.020,-0.056,0.100,1.74,1.88,3.62,-83.595,-29.251,29.341,0,251
36088,1.016,-0.068,0.152,-0.49,2.85,2.57,-80.698,-24.104,29.341,0,249
36110,1.004,-0.072,0.116,-0.90,2.37,2.30,-82.262,-31.830,29.341,0,277
36130,1.008,-0.084,0.164,1.04,0.35,2.02,-80.690,-32.155,29.400,0,301
36151,1.012,-0.084,0.128,0.49,0.97,2.64,-81.749,-29.360,29.447,0,315
36172,1.012,-0.068,0.136,0.14,1.46,4.03,-81.626,-27.257,29.233,0,329
36193,1.016,-0.072,0.140,1.32,1.04,3.83,-81.198,-27.218,29.355,0,317
36214,1.012,-0.072,0.144,0.49,0.70,2.64,-80.967,-26.567,29.279,0,294
36235,1.012,-0.072,0.128,0.63,1.11,2.09,-81.749,-29.360,29.279,0,282
36255,1.008,-0.068,0.136,0.90,1.32,2.78,-81.428,-26.567,29.279,0,278
36277,1.004,-0.072,0.148,0.49,1.25,3.55,-80.696,-25.944,29.279,0,263
36297,1.004,-0.076,0.140,-0.42,1.25,3.76,-80.758,-27.826,29.279,0,285
36319,1.000,-0.072,0.140,0.00,1.39,4.17,-81.232,-31.221,29.220,0,304
36339,1.004,-0.076,0.132,-0.21,1.25,3.06,-81.258,-27.899,29.154,0,386
36360,1.008,-0.072,0.132,-0.56,2.50,2.64,-81.522,-28.613,29.250,0,262
36381,1.012,-0.072,0.140,-0.63,3.97,2.85,-81.164,-27.218,29.346,0,258
36402,1.012,-0.072,0.140,-0.35,5.22,2.99,-81.164,-27.218,29.286,0,322
36422,1.004,-0.068,0.140,-1.11,3.62,4.03,-81.194,-25.908,29.286,0,315
36444,1.012,-0.088,0.140,-0.14,3.83,2.78,-80.726,-32.155,29.286,0,310
36464,1.000,-0.064,0.128,-2.37,5.22,3.13,-81.194,-25.908,29.286,0,304
36486,0.996,-0.080,0.144,2.43,1.81,2.37,-80.570,-33.313,29.286,0,327
36506,1.012,-0.092,0.140,2.37,2.16,2.09,-81.030,-31.704,29.257,0,354
36527,1.008,-0.076,0.152,1.11,3.06,2.64,-80.436,-26.567,29.212,0,383
36548,1.020,-0.080,0.152,1.88,1.74,2.30,-80.447,-27.761,29.325,0,404
36569,1.008,-0.072,0.148,1.11,1.74,2.57,-80.733,-25.944,29.159,0,404
36590,1.004,-0.072,0.148,1.95,1.25,2.50,-80.696,-25.944,29.231,0,348
36611,1.004,-0.072,0.144,2.09,1.25,2.50,-80.896,-26.567,29.231,0,307
36631,1.000,-0.072,0.140,1.67,0.97,1.74,-80.988,-27.218,29.231,0,285
36653,1.008,-0.072,0.136,0.77,2.23,2.02,-80.460,-19.291,29.231,0,276
36673,1.012,-0.072,0.160,1.67,3.41,2.16,-80.806,-30.966,29.231,0,288
36695,0.996,-0.076,0.148,0.00,3.41,2.78,-80.523,-27.183,29.309,0,312
36715,1.000,-0.080,0.144,1.18,2.64,2.57,-80.652,-29.057,29.486,0,333
36736,1.004,-0.076,0.144,0.83,2.23,2.02,-80.794,-27.826,29.417,0,345
36757,1.008,-0.072,0.148,0.35,2.23,2.23,-80.733,-25.944,29.313,0,356
36777,1.016,-0.076,0.148,1.25,1.74,2.57,-80.706,-27.183,29.277,0,332
36799,1.016,-0.072,0.148,0.77,1.95,2.37,-80.570,-25.348,29.277,0,319
36819,1.004,-0.072,0.152,0.83,2.30,2.30,-80.423,-23.554,29.277,0,310
36840,1.004,-0.072,0.156,1.60,1.32,2.30,-80.436,-26.567,29.277,0,314
36861,1.000,-0.072,0.148,1.46,1.04,2.50,-80.660,-25.944,29.277,0,314
36882,0.996,-0.076,0.144,0.42,1.46,2.16,-80.721,-27.826,29.417,0,336
36903,1.004,-0.072,0.144,1.88,1.18,1.88,-80.896,-26.567,29.391,0,357
36924,1.008,-0.072,0.144,1.32,1.95,1.88,-80.931,-26.567,29.467,0,381
36944,0.996,-0.068,0.144,0.28,2.37,2.02,-80.922,-25.280,29.525,0,449
36966,1.004,-0.072,0.148,2.30,1.95,1.60,-80.662,-24.104,29.534,0,202
36986,1.012,-0.068,0.164,0.56,2.02,1.46,-80.258,-23.027,29.534,0,334
37008,1.008,-0.060,0.124,1.95,2.16,2.71,-82.224,-25.823,29.534,0,332
37028,1.012,-0.080,0.152,1.39,1.81,2.09,-80.373,-27.761,29.534,0,328
37049,0.996,-0.060,0.136,-2.09,3.55,2.16,-81.518,-23.808,29.534,0,325
37070,0.992,-0.068,0.148,0.70,1.32,2.99,-80.682,-24.679,29.554,0,364
37091,1.016,-0.084,0.144,4.24,-0.21,1.67,-80.688,-30.259,29.659,0,390
37112,1.012,-0.072,0.152,2.37,1.11,1.95,-80.626,-24.104,29.681,0,413
37133,1.008,-0.072,0.156,2.09,0.70,1.67,-80.459,-25.348,29.678,0,438
37153,1.008,-0.064,0.156,1.88,0.21,1.74,-80.912,-20.226,29.824,0,421
37175,1.012,-0.056,0.152,1.81,0.00,1.25,-80.912,-20.226,29.834,0,387
37195,1.000,-0.060,0.148,1.95,0.07,1.39,-80.932,-22.070,29.834,0,339
37217,1.008,-0.060,0.144,1.32,0.63,1.18,-81.209,-22.622,29.834,0,306
37237,1.012,-0.064,0.140,1.25,1.25,1.46,-81.357,-24.569,29.834,0,295
37258,1.004,-0.060,0.156,0.28,1.67,1.67,-80.554,-21.039,29.857,0,326
37279,1.008,-0.068,0.132,0.63,1.95,1.67,-81.311,-23.200,29.798,0,343
37300,1.008,-0.072,0.152,2.02,0.56,1.60,-80.670,-27.183,29.797,0,359
37321,1.008,-0.068,0.136,0.77,0.77,1.67,-81.086,-23.964,29.819,0,368
37342,1.012,-0.056,0.144,0.97,0.56,2.37,-81.325,-21.252,29.638,0,349
37362,1.020,-0.064,0.140,1.25,1.25,2.50,-81.424,-24.569,29.683,0,329
37384,1.008,-0.056,0.144,-0.42,1.74,2.09,-81.292,-21.252,29.683,0,313
37404,1.008,-0.060,0.144,0.77,1.18,1.81,-81.209,-22.622,29.683,0,304
37426,1.012,-0.060,0.144,0.07,1.32,1.67,-81.243,-22.622,29.683,0,294
37446,1.004,-0.056,0.144,1.25,0.97,2.85,-80.641,-22.835,29.683,0,333
37467,1.000,-0.064,0.144,1.18,1.11,2.99,-81.174,-22.622,29.881,0,336
37488,1.000,-0.052,0.144,-0.42,2.09,2.85,-81.292,-21.252,29.846,0,345
37509,1.012,-0.060,0.140,1.74,1.60,2.57,-81.447,-23.200,29.966,0,355
37530,1.012,-0.060,0.148,0.28,1.53,1.11,-81.038,-22.070,29.909,0,449
37551,1.012,-0.056,0.144,1.67,1.60,1.88,-81.325,-21.252,30.010,0,216
37571,1.012,-0.056,0.160,0.70,0.90,1.88,-80.497,-19.291,30.010,0,250
37593,1.008,-0.060,0.132,1.39,1.32,1.46,-81.820,-24.446,30.010,0,310
37613,1.012,-0.056,0.132,2.64,0.90,2.23,-80.534,-23.554,30.010,0,310
37634,1.012,-0.068,0.160,-0.56,1.81,2.02,-80.841,-20.226,30.010,0,341
37655,0.992,-0.048,0.136,-0.90,3.41,1.74,-81.520,-18.926,30.098,0,366
37676,1.004,-0.056,0.144,2.50,1.04,2.30,-81.257,-21.252,30.042,0,386
37697,1.024,-0.068,0.144,4.59,1.25,1.88,-81.166,-25.280,29.964,0,412
37718,1.016,-0.048,0.148,1.04,3.20,2.64,-81.299,-17.970,30.117,0,421
37738,1.016,-0.048,0.148,0.90,2.85,2.92,-81.299,-17.970,30.064,0,411
37760,1.012,-0.052,0.156,0.28,1.88,2.30,-80.777,-18.436,30.064,0,389
37780,1.004,-0.052,0.152,1.67,0.28,2.43,-80.879,-18.887,30.064,0,344
37801,1.004,-0.052,0.152,1.18,-0.49,2.71,-80.985,-17.527,30.064,0,299
37822,0.996,-0.056,0.152,1.04,-0.49,2.64,-80.968,-22.070,30.064,0,300
37842,1.004,-0.056,0.168,1.04,-1.81,2.23,-80.003,-18.436,30.077,0,319
37864,1.008,-0.052,0.136,0.49,0.42,2.85,-81.787,-20.926,30.000,0,334
37884,1.000,-0.056,0.148,-0.56,0.00,3.34,-81.014,-20.727,30.152,0,349
37905,1.008,-0.064,0.140,2.50,-1.11,2.78,-81.323,-24.569,30.123,0,347
37926,1.016,-0.052,0.144,-1.18,0.00,2.50,-81.437,-19.857,30.174,0,320
37947,1.008,-0.048,0.148,-0.77,0.63,3.34,-81.403,-19.857,30.174,0,305
37968,1.012,-0.048,0.148,-0.07,0.90,2.57,-81.299,-17.970,30.174,0,292
37989,1.016,-0.048,0.140,-2.43,1.53,2.50,-81.370,-19.857,30.174,0,284
38009,1.008,-0.064,0.136,0.63,0.42,3.34,-81.525,-25.203,30.174,0,299
38031,1.012,-0.056,0.140,-0.42,1.18,2.85,-81.531,-21.803,30.111,0,324
38051,1.004,-0.052,0.140,-1.53,1.53,3.27,-81.545,-20.378,29.989,0,355
38073,1.012,-0.060,0.140,1.46,0.77,3.27,-81.447,-23.200,30.131,0,352
38093,1.008,-0.052,0.144,-0.56,1.74,3.13,-81.370,-19.857,29.978,0,358
38114,1.008,-0.048,0.136,-2.02,2.50,2.92,-81.819,-20.926,30.252,0,329
38135,1.004,-0.052,0.140,1.32,1.11,2.23,-81.531,-21.803,30.252,0,416
38156,1.020,-0.052,0.144,0.00,1.60,1.74,-81.470,-19.857,30.252,0,207
38177,1.004,-0.052,0.152,-1.95,1.53,2.85,-80.915,-18.887,30.252,0,212
38198,1.008,-0.068,0.116,1.81,1.11,2.37,-82.408,-30.381,30.252,1,307
38218,1.012,-0.056,0.136,-0.90,2.43,2.50,-81.737,-22.382,30.207,1,341
38240,1.008,-0.060,0.152,-2.78,2.50,2.71,-80.797,-21.543,30.077,1,368
38260,1.000,-0.056,0.128,0.21,2.57,2.99,-81.722,-20.926,30.013,1,386
38282,1.000,-0.048,0.148,1.53,0.07,2.71,-81.447,-23.200,30.023,1,401
38302,1.016,-0.064,0.140,2.64,-0.56,2.16,-80.821,-22.835,30.013,1,387
38323,1.024,-0.052,0.148,-0.14,0.83,2.30,-81.296,-19.360,30.013,1,388
38344,1.016,-0.040,0.144,-0.21,0.97,2.57,-81.638,-15.525,30.013,1,389
38365,1.028,-0.044,0.148,-0.35,1.88,2.37,-81.464,-16.558,30.013,1,370
38386,1.024,-0.056,0.152,-1.32,2.57,1.74,-81.017,-20.226,30.013,1,336
38407,1.008,-0.056,0.152,-3.27,3.13,2.71,-80.876,-20.226,30.065,1,329
38427,1.008,-0.064,0.164,-3.83,2.92,2.92,-80.918,-23.387,30.111,1,326
38449,1.004,-0.060,0.156,-3.97,1.39,3.20,-80.003,-18.436,30.023,1,337
38469,0.988,-0.044,0.156,-3.41,1.53,3.97,-82.109,-22.111,30.097,1,349
38491,1.004,-0.056,0.144,-1.95,-0.56,4.03,-81.257,-21.252,30.121,1,328
38511,1.016,-0.052,0.136,-1.95,-0.90,4.10,-81.851,-20.926,30.121,1,313
38532,1.016,-0.056,0.140,-3.13,0.00,3.83,-81.564,-21.803,30.121,1,300
38553,1.012,-0.052,0.148,-3.76,0.56,3.90,-81.195,-19.360,30.121,1,294
38574,1.012,-0.052,0.140,-3.34,0.56,3.97,-81.611,-20.378,30.121,1,289
38595,1.012,-0.068,0.132,-3.41,0.49,3.76,-81.413,-23.200,30.065,1,316
38616,1.004,-0.068,0.136,-2.64,0.07,3.06,-81.525,-25.203,29.812,1,335
38636,1.000,-0.064,0.140,-2.30,-0.21,3.06,-81.498,-21.803,29.667,1,344
38658,1.004,-0.064,0.132,-1.53,0.21,3.13,-81.693,-25.868,29.648,1,366
38678,1.016,-0.060,0.132,-1.74,0.70,3.06,-81.884,-24.446,29.661,1,339
38700,1.016,-0.060,0.144,-2.16,0.97,2.71,-81.277,-22.622,29.693,1,313
38720,1.012,-0.060,0.132,-2.64,1.04,2.92,-81.852,-24.446,29.693,1,301
38740,1.012,-0.064,0.128,-2.23,0.49,2.64,-81.957,-26.567,29.693,1,318
38762,1.008,-0.060,0.140,-1.46,0.28,2.50,-81.926,-26.567,29.693,1,348
38782,1.008,-0.068,0.136,-1.11,0.90,2.99,-81.003,-22.070,29.715,1,170
38804,1.012,-0.068,0.132,-1.25,0.83,3.06,-82.215,-29.541,29.792,1,329
38824,1.008,-0.068,0.112,-0.42,0.90,3.83,-82.600,-31.266,29.679,1,352
38845,1.016,-0.072,0.136,-2.16,0.83,2.30,-81.393,-27.899,29.646,1,368
38866,0.996,-0.064,0.124,-3.55,1.46,2.43,-82.031,-27.302,29.633,1,354
38887,1.004,-0.056,0.132,0.70,-0.42,3.34,-81.878,-22.990,29.645,1,342
38908,1.024,-0.076,0.116,1.18,0.97,2.16,-82.293,-33.234,29.645,1,339
38929,1.024,-0.068,0.128,1.18,1.67,3.34,-81.656,-25.203,29.645,1,341
38949,1.020,-0.064,0.132,-0.28,2.37,2.64,-81.623,-25.203,29.645,1,348
38971,1.008,-0.056,0.140,0.56,2.16,2.57,-81.498,-21.803,29.645,1,376
38991,1.008,-0.068,0.136,0.90,1.32,2.57,-81.428,-26.567,29.633,1,374
39013,1.004,-0.068,0.128,1.81,0.63,2.64,-81.791,-27.982,29.721,1,352
39033,1.004,-0.064,0.128,0.70,0.90,2.92,-81.894,-26.567,29.734,1,344
39054,1.012,-0.064,0.120,-0.21,2.16,2.85,-82.352,-28.075,29.440,1,328
39075,1.020,-0.064,0.140,-0.21,1.60,2.71,-81.424,-24.569,29.547,1,308
39096,1.012,-0.060,0.132,-0.63,2.23,2.57,-81.957,-26.567,29.547,1,297
39117,1.012,-0.060,0.128,1.25,1.04,3.27,-82.026,-21.503,29.547,1,292
39138,1.016,-0.064,0.140,0.14,1.39,2.71,-81.391,-24.569,29.547,1,284
39158,1.008,-0.060,0.132,-0.70,2.02,3.06,-81.820,-24.446,29.547,1,303
39180,1.016,-0.064,0.132,-0.83,2.50,3.34,-81.790,-25.868,29.514,1,321
39200,1.012,-0.072,0.136,-0.70,2.30,3.34,-81.360,-27.899,29.572,1,334
39222,1.004,-0.072,0.128,0.00,1.88,3.20,-81.684,-29.360,29.453,1,345
39242,1.004,-0.064,0.132,0.28,2.02,3.27,-81.926,-26.567,29.505,1,345
39263,1.008,-0.060,0.128,0.77,1.53,3.48,-81.558,-25.203,29.559,1,319
39284,1.012,-0.064,0.132,0.70,1.60,3.97,-82.285,-25.823,29.559,1,312
39305,1.012,-0.056,0.132,0.14,1.81,3.90,-81.942,-22.990,29.559,1,293
39326,1.012,-0.060,0.132,-0.07,2.09,3.27,-81.852,-24.446,29.559,1,283
39347,1.008,-0.060,0.124,-0.97,2.64,3.20,-82.224,-25.823,29.559,1,299
39367,1.000,-0.068,0.124,0.14,2.99,3.27,-81.957,-28.742,29.478,1,379
39389,1.008,-0.072,0.124,0.35,4.17,2.99,-81.910,-30.144,29.472,1,292
39409,1.008,-0.068,0.140,-0.63,4.24,3.20,-80.295,-24.777,29.593,1,264
39431,1.004,-0.072,0.140,1.67,3.48,2.64,-82.323,-31.830,29.516,1,359
39451,1.016,-0.060,0.120,1.67,1.04,3.06,-80.056,-22.522,29.590,1,338
39472,1.004,-0.064,0.132,-3.20,3.06,2.78,-81.693,-25.868,29.590,1,329
39493,1.000,-0.056,0.116,-1.11,2.02,4.38,-82.666,-25.771,29.590,1,329
39514,1.020,-0.072,0.128,2.71,0.63,4.38,-81.813,-29.360,29.590,1,340
39534,1.012,-0.080,0.128,0.28,3.13,3.69,-81.523,-32.008,29.590,1,380
39556,1.008,-0.076,0.148,-0.07,3.06,3.62,-80.634,-27.183,29.551,1,409
39576,1.012,-0.068,0.136,-0.14,2.43,3.69,-81.289,-24.569,29.434,1,444
39598,1.004,-0.064,0.132,0.97,1.74,3.69,-81.360,-26.567,29.511,1,467
39618,0.996,-0.076,0.136,1.18,1.39,3.41,-81.651,-29.360,29.544,1,449
39639,1.000,-0.068,0.136,0.49,2.43,3.55,-81.360,-26.567,29.496,1,389
39660,1.008,-0.068,0.140,0.07,2.09,3.62,-81.229,-25.908,29.496,1,354
39681,1.008,-0.072,0.128,1.95,1.81,3.34,-81.717,-29.360,29.496,1,332
39702,1.004,-0.068,0.164,-0.28,1.81,3.69,-79.978,-22.522,29.496,1,322
39723,1.000,-0.072,0.124,-0.21,0.83,4.10,-81.846,-30.144,29.496,1,319
39743,0.992,-0.072,0.144,0.28,-0.97,4.10,-80.697,-30.966,29.274,1,343
39764,0.996,-0.084,0.136,-0.28,-0.77,3.20,-80.758,-27.826,29.377,1,354
39785,1.004,-0.080,0.144,-1.25,1.53,3.55,-80.931,-26.567,29.487,1,364
39806,1.004,-0.076,0.128,-1.74,2.99,3.69,-81.572,-30.702,29.226,1,364
39827,1.008,-0.080,0.140,-1.46,2.30,3.76,-80.918,-29.747,29.238,1,331
39847,0.996,-0.080,0.136,0.28,1.04,4.10,-81.004,-30.468,29.238,1,312
39869,0.984,-0.072,0.136,-0.97,0.83,3.62,-81.118,-27.899,29.238,1,291
39889,0.992,-0.076,0.120,-0.28,1.25,4.59,-81.857,-32.350,29.238,1,292
39911,0.996,-0.072,0.124,-0.90,0.70,4.66,-81.651,-29.360,29.238,1,280
39931,1.008,-0.076,0.128,-1.60,1.88,4.03,-82.293,-31.830,29.155,1,304
39952,1.008,-0.080,0.140,-1.46,2.16,3.69,-80.918,-29.747,29.246,1,326
39973,1.000,-0.080,0.144,-0.90,1.60,3.69,-80.652,-29.057,29.062,0,356
39994,0.996,-0.088,0.132,0.21,0.83,3.90,-80.956,-33.693,29.018,0,383
40015,1.008,-0.084,0.136,0.70,0.07,3.83,-80.995,-31.704,29.026,0,203
40036,1.008,-0.080,0.144,1.95,-0.56,3.41,-80.725,-29.057,29.049,0,294
40056,1.000,-0.072,0.108,3.27,-2.85,4.03,-79.824,-26.567,29.049,0,287
40078,0.996,-0.096,0.152,0.77,-2.30,2.50,-80.960,-31.704,29.049,0,276
40098,0.992,-0.072,0.124,-0.21,-1.74,3.20,-82.075,-35.540,29.049,0,271
40120,0.996,-0.080,0.124,1.18,-2.99,3.83,-81.578,-32.831,29.071,0,305
40140,1.008,-0.088,0.124,3.13,-1.95,2.57,-81.428,-35.365,28.932,0,330
40161,1.012,-0.076,0.120,0.49,0.00,2.78,-82.016,-32.350,29.006,0,352
40182,1.020,-0.084,0.124,0.42,0.28,2.57,-81.653,-34.117,28.896,0,373
40203,1.020,-0.080,0.136,0.42,0.00,2.16,-81.213,-30.468,28.926,0,353
40223,1.012,-0.076,0.124,1.46,-0.14,2.02,-81.638,-30.702,28.883,0,313
40245,1.012,-0.080,0.124,2.50,0.35,2.57,-81.588,-28.613,28.883,0,275
40265,1.016,-0.080,0.132,0.90,0.70,2.78,-81.360,-27.899,28.883,0,256
40287,1.016,-0.080,0.116,1.53,0.97,2.57,-82.110,-34.595,28.883,0,244
40307,1.008,-0.080,0.144,0.49,0.56,2.64,-80.725,-29.057,28.883,0,274
40328,1.004,-0.076,0.108,-0.21,0.70,2.43,-82.513,-35.137,29.012,0,294
40349,1.012,-0.084,0.136,0.56,-0.49,2.64,-81.030,-31.704,29.030,0,308
40370,1.008,-0.080,0.116,1.46,-0.70,1.81,-82.048,-34.595,29.071,0,321
40391,1.012,-0.072,0.128,-0.07,-0.28,2.43,-81.891,-31.507,29.011,0,308
40412,1.020,-0.076,0.124,0.00,0.97,2.50,-82.194,-30.966,28.946,0,287
40432,1.024,-0.076,0.120,-0.14,1.39,2.43,-81.891,-31.507,28.946,0,276
40454,1.016,-0.068,0.124,-0.28,1.53,1.95,-82.082,-28.742,28.946,0,264
40474,1.016,-0.076,0.128,-0.35,1.67,2.02,-81.670,-30.702,28.946,0,259
40496,1.008,-0.080,0.128,-0.07,1.67,2.30,-81.489,-32.008,28.946,0,280
40516,1.012,-0.076,0.116,0.07,1.88,2.85,-82.203,-33.234,29.054,0,293
40537,1.016,-0.076,0.112,-0.28,1.46,2.92,-82.418,-34.162,29.049,0,322
40558,1.008,-0.076,0.124,-0.21,1.25,2.23,-81.953,-32.350,28.894,0,325
40579,1.008,-0.072,0.116,1.32,-0.14,1.81,-81.480,-29.934,28.867,0,316
40600,1.016,-0.080,0.120,0.83,0.56,1.95,-82.164,-30.966,29.183,0,297
40621,1.012,-0.072,0.116,0.90,0.97,2.02,-82.323,-31.830,29.183,0,323
40641,1.016,-0.076,0.120,1.53,0.63,1.60,-82.047,-32.350,29.183,0,267
40663,1.016,-0.072,0.116,0.63,1.32,1.74,-82.353,-31.830,29.183,0,166
40683,1.012,-0.076,0.124,2.09,1.11,1.60,-81.828,-31.507,29.183,0,306
40705,1.012,-0.060,0.088,0.97,0.63,3.13,-83.998,-34.289,29.128,0,335
40725,1.016,-0.080,0.128,-0.28,1.67,1.88,-81.288,-29.200,29.062,0,355
40745,1.004,-0.068,0.100,-3.13,3.90,2.57,-82.822,-30.653,29.145,0,372
40767,1.000,-0.064,0.120,-0.35,2.85,3.76,-81.988,-26.567,28.999,0,381
40787,1.024,-0.080,0.116,3.06,3.34,2.64,-82.171,-34.595,28.973,0,366
40809,1.024,-0.076,0.120,0.56,5.70,2.99,-82.109,-32.350,28.973,0,352
40829,1.012,-0.068,0.120,0.56,5.43,2.71,-82.245,-29.541,28.973,0,360
40850,1.016,-0.060,0.128,1.95,3.48,2.30,-82.085,-25.117,28.973,0,360
40871,1.004,-0.068,0.132,1.74,2.64,1.18,-81.593,-27.257,28.973,0,353
40892,1.008,-0.068,0.124,1.95,2.78,1.60,-82.395,-26.567,29.349,0,345
40913,1.012,-0.068,0.128,2.09,3.20,2.57,-81.717,-29.360,29.265,0,345
40934,1.012,-0.076,0.124,2.50,3.41,2.50,-82.245,-29.541,29.302,0,351
40954,1.008,-0.064,0.132,-0.63,4.45,1.88,-81.726,-25.868,29.229,0,357
40976,1.016,-0.068,0.124,1.74,3.69,2.50,-82.082,-28.742,29.330,0,337
40996,1.020,-0.072,0.144,1.04,3.06,2.85,-81.036,-26.567,29.330,0,327
41018,1.016,-0.068,0.120,1.95,3.13,3.41,-82.275,-29.541,29.330,0,319
41038,1.012,-0.064,0.136,0.90,3.76,3.83,-81.558,-25.203,29.330,0,311
41059,1.016,-0.068,0.132,0.00,5.08,4.10,-81.129,-27.218,29.330,0,319
41080,1.008,-0.068,0.124,0.14,4.45,3.69,-81.380,-29.934,29.262,0,342
41101,0.996,-0.072,0.136,0.97,3.06,2.85,-81.223,-27.899,29.198,0,357
41122,1.008,-0.072,0.136,1.32,2.37,2.37,-81.326,-27.899,29.342,0,370
41143,1.012,-0.068,0.132,1.04,2.64,3.06,-81.659,-27.257,29.205,0,379
41163,1.012,-0.068,0.140,0.56,2.64,3.34,-81.263,-25.908,29.296,0,357
41185,1.008,-0.072,0.140,1.67,2.09,2.85,-81.129,-27.218,29.296,0,343
41205,1.008,-0.064,0.140,0.56,2.09,2.37,-81.198,-27.218,29.296,0,334
41227,1.016,-0.068,0.136,0.42,1.81,2.23,-81.263,-25.908,29.296,0,336
41247,1.008,-0.064,0.144,0.83,0.83,2.99,-81.326,-27.899,29.296,0,336
41268,1.012,-0.072,0.140,1.25,0.56,2.71,-81.164,-27.218,29.358,0,354
41289,1.012,-0.072,0.128,0.42,1.60,2.85,-81.749,-29.360,29.320,0,368
41310,1.000,-0.080,0.132,-1.60,2.50,2.78,-81.232,-31.221,29.275,0,380
41331,1.004,-0.080,0.140,1.88,1.46,2.71,-80.882,-29.747,29.339,0,528
41352,1.016,-0.076,0.144,0.14,1.95,2.57,-80.901,-27.826,29.142,0,228
41372,1.012,-0.072,0.140,0.70,1.18,3.55,-80.276,-25.976,29.142,0,333
41394,1.016,-0.080,0.112,1.88,1.46,2.99,-83.240,-29.984,29.142,0,346
41414,1.012,-0.064,0.136,-0.07,1.74,2.64,-80.547,-26.567,29.142,0,340
41436,1.004,-0.068,0.132,-2.50,3.06,2.02,-81.593,-27.257,29.142,0,340
41456,0.996,-0.068,0.136,-0.07,2.23,2.64,-81.326,-26.567,29.162,0,371
41477,1.008,-0.076,0.128,1.81,1.11,2.92,-81.605,-30.702,29.462,0,392
41498,1.024,-0.088,0.132,2.71,2.43,1.95,-81.199,-33.693,29.351,0,417
41519,1.016,-0.076,0.136,-0.28,4.45,2.23,-81.288,-29.200,29.367,0,442
41540,1.012,-0.064,0.136,0.83,4.17,1.95,-81.650,-23.808,29.360,0,433
41561,1.008,-0.060,0.140,0.42,4.31,1.32,-81.209,-22.622,29.423,0,412
41581,1.012,-0.064,0.144,1.11,3.55,1.39,-81.209,-22.622,29.423,0,367
41603,1.004,-0.064,0.148,0.56,3.48,2.23,-80.882,-23.387,29.423,0,321
41623,1.008,-0.068,0.148,0.63,3.20,2.09,-80.827,-24.679,29.423,0,302
41645,1.000,-0.068,0.152,-0.90,3.06,1.60,-80.552,-24.104,29.499,0,328
41665,1.008,-0.080,0.144,2.78,2.92,2.23,-80.725,-29.057,29.429,0,345
41686,1.012,-0.072,0.144,0.63,2.85,2.78,-80.967,-26.567,29.545,0,357
41707,1.012,-0.076,0.152,-0.28,2.37,2.64,-80.436,-26.567,29.458,0,369
41728,1.020,-0.072,0.148,1.74,1.46,2.78,-80.570,-25.348,29.599,0,353
41749,1.012,-0.064,0.148,-0.97,2.16,3.06,-80.786,-22.835,29.621,0,330
41769,1.008,-0.060,0.144,-0.97,2.50,2.78,-81.209,-22.622,29.621,0,316
41790,1.008,-0.068,0.144,-0.70,2.23,2.92,-81.028,-25.280,29.621,0,303
41811,1.000,-0.064,0.148,-1.81,2.37,3.41,-80.846,-23.387,29.621,0,294
41832,1.000,-0.068,0.144,0.49,1.67,3.20,-80.958,-25.280,29.621,0,313
41853,1.000,-0.068,0.144,-0.63,2.23,3.48,-80.958,-25.280,29.483,0,332
41874,1.004,-0.072,0.144,-0.70,2.02,2.92,-81.593,-27.257,29.559,0,344
41894,0.996,-0.064,0.148,0.35,1.74,3.20,-80.931,-26.567,29.465,0,354
41916,1.004,-0.072,0.140,0.63,0.90,1.25,-81.063,-25.280,29.646,0,347
41936,1.012,-0.060,0.148,-1.60,2.02,1.81,-81.038,-22.070,29.478,0,336
41957,1.024,-0.072,0.148,1.53,0.90,2.16,-80.875,-25.944,29.478,0,310
41978,1.020,-0.072,0.140,-0.56,1.81,2.50,-81.232,-27.218,29.478,0,295
41999,1.008,-0.064,0.140,-1.74,3.13,2.64,-81.323,-24.569,29.478,0,290
42020,1.000,-0.072,0.144,1.11,2.30,2.50,-80.860,-26.567,29.478,0,413
42041,1.008,-0.072,0.148,0.42,2.09,2.16,-80.670,-27.183,29.484,0,244
42061,1.008,-0.064,0.156,-1.74,2.16,2.30,-80.144,-23.027,29.517,0,249
42083,0.996,-0.068,0.112,-0.07,2.37,1.95,-82.512,-31.266,29.511,0,359
42103,1.020,-0.072,0.164,1.04,2.09,2.02,-80.046,-23.704,29.534,0,363
42125,1.008,-0.068,0.168,-2.92,3.97,2.71,-79.813,-22.038,29.458,0,348
42145,1.008,-0.060,0.132,-0.77,4.73,2.23,-81.820,-24.446,29.458,0,341
42166,1.008,-0.064,0.156,2.02,1.95,3.34,-80.509,-22.308,29.458,0,336
42187,1.016,-0.080,0.144,2.85,1.60,1.88,-80.796,-29.057,29.458,0,340
42208,1.008,-0.068,0.152,0.83,3.13,1.60,-80.827,-24.679,29.458,0,370
42229,1.012,-0.068,0.152,0.70,3.62,1.60,-80.918,-23.387,29.604,0,404
42250,1.008,-0.060,0.152,2.02,2.99,1.74,-80.797,-21.543,29.496,0,416
42270,1.004,-0.064,0.152,1.81,2.92,2.16,-80.677,-22.835,29.600,0,394
42292,1.000,-0.052,0.148,0.97,3.69,2.37,-81.091,-19.360,29.674,0,352
42312,1.004,-0.060,0.156,0.00,3.83,1.74,-80.554,-21.039,29.565,0,309
42334,1.012,-0.072,0.140,3.27,4.03,1.60,-81.164,-27.218,29.565,0,290
42354,1.016,-0.056,0.168,2.23,4.24,2.37,-80.705,-19.748,29.565,0,284
42375,1.008,-0.064,0.140,2.23,4.94,3.13,-80.228,-21.803,29.565,0,280
42396,1.012,-0.072,0.172,1.95,3.83,2.43,-79.891,-23.704,29.565,0,295
42417,1.004,-0.068,0.156,1.74,3.55,1.88,-80.386,-23.554,29.744,0,319
42438,1.000,-0.064,0.160,0.83,3.69,2.16,-80.228,-21.803,30.016,0,334
42459,1.008,-0.060,0.164,-0.14,4.03,2.57,-80.177,-20.097,29.909,1,341
42479,1.004,-0.072,0.160,-0.35,3.69,2.71,-80.093,-24.230,29.843,1,352
42501,1.008,-0.064,0.172,-0.07,2.99,2.78,-79.687,-20.411,29.986,1,329
42521,1.004,-0.060,0.172,0.07,2.64,3.13,-80.003,-18.436,29.986,1,318
42543,1.008,-0.064,0.168,0.07,2.30,2.85,-80.042,-18.436,29.986,1,308
42563,1.000,-0.060,0.156,0.97,0.35,2.78,-79.481,-19.985,29.986,1,304
42584,1.012,-0.068,0.172,-0.83,-1.11,2.57,-79.649,-21.573,29.986,1,310
42605,1.016,-0.068,0.168,0.56,-0.28,2.16,-79.892,-22.038,29.918,1,343
42626,1.012,-0.056,0.172,-1.18,0.56,2.43,-79.872,-18.036,29.959,1,360
42647,1.004,-0.068,0.180,-3.20,0.63,3.62,-79.157,-20.697,29.895,1,358
42668,1.008,-0.076,0.168,-4.03,0.90,3.27,-79.640,-24.343,30.070,1,359
42688,1.000,-0.064,0.156,-4.38,0.49,3.41,-79.851,-19.655,29.761,1,336
42710,0.996,-0.060,0.164,-2.37,-1.11,3.13,-80.174,-18.855,29.761,1,465
42730,1.004,-0.060,0.164,-1.32,-1.88,3.27,-80.251,-18.855,29.761,1,194
42752,1.012,-0.060,0.176,-4.03,-1.81,3.90,-79.594,-18.826,29.761,1,245
42772,1.008,-0.064,0.116,-1.39,-0.63,3.83,-82.518,-28.889,29.761,1,308
42793,1.008,-0.072,0.176,-2.37,-1.18,3.76,-79.323,-22.251,29.928,1,341
42814,1.004,-0.072,0.156,-6.26,1.11,3.48,-80.295,-24.777,29.723,1,362
42834,0.992,-0.068,0.136,-1.46,-0.28,3.48,-81.292,-26.567,29.709,1,381
42856,1.008,-0.068,0.152,-0.07,-1.95,3.41,-80.473,-26.567,29.487,1,397
42876,1.016,-0.084,0.148,0.49,-0.21,2.43,-80.769,-25.944,29.564,1,389
42898,1.012,-0.068,0.152,-1.60,0.63,2.92,-80.869,-21.543,29.564,1,392
42918,1.016,-0.064,0.156,-1.74,0.21,2.85,-80.583,-22.308,29.564,1,396
42939,1.008,-0.060,0.156,-0.21,-0.56,2.85,-80.591,-21.039,29.564,1,382
42960,1.004,-0.060,0.156,0.28,-0.35,2.50,-80.554,-21.039,29.564,1,343
42981,0.996,-0.064,0.148,-0.90,0.90,2.99,-80.810,-23.387,29.586,1,328
43002,1.004,-0.068,0.144,-2.02,1.18,3.41,-80.993,-25.280,29.562,1,325
43023,1.008,-0.076,0.140,-0.70,0.56,3.13,-80.132,-24.230,29.473,1,333
43043,1.008,-0.068,0.160,-1.32,0.35,3.06,-80.423,-23.554,29.534,1,345
43065,1.004,-0.068,0.148,-1.39,0.28,3.34,-80.791,-24.679,29.554,1,327
43085,1.012,-0.072,0.144,-0.42,-0.77,3.06,-80.967,-26.567,29.532,1,312
43107,1.020,-0.080,0.140,-1.04,-0.90,3.62,-81.023,-29.747,29.532,1,301
43127,1.016,-0.072,0.152,-2.50,-0.07,3.48,-80.606,-25.348,29.532,1,292
43148,1.012,-0.068,0.140,-3.06,0.56,3.90,-81.263,-25.908,29.532,1,285
43169,1.008,-0.072,0.148,-1.04,-0.49,3.97,-80.634,-27.183,29.522,1,309
43190,1.008,-0.080,0.140,-1.46,0.63,3.27,-81.455,-28.613,29.319,1,326
43211,1.000,-0.068,0.140,-0.56,0.28,3.27,-80.719,-24.679,29.190,1,339
43232,1.004,-0.072,0.140,-1.46,0.49,3.34,-81.094,-27.218,29.377,1,343
43252,1.016,-0.072,0.140,-0.63,1.04,3.69,-81.198,-27.218,29.143,1,344
43274,1.012,-0.072,0.144,-0.21,0.49,3.62,-80.967,-26.567,29.096,1,323
43294,1.008,-0.072,0.144,-0.28,-0.21,2.85,-80.931,-26.567,29.096,1,304
43316,1.012,-0.072,0.136,-1.32,0.70,2.99,-81.360,-27.899,29.096,1,297
43336,1.012,-0.072,0.136,-0.70,0.28,2.37,-80.953,-29.747,29.096,1,304
43357,1.004,-0.084,0.132,0.56,0.14,2.09,-80.578,-30.259,29.096,1,427
43378,1.008,-0.084,0.136,0.90,0.63,2.43,-80.931,-26.567,29.141,1,199
43399,1.008,-0.072,0.144,-0.28,0.83,2.23,-80.931,-26.567,29.229,1,354
43420,1.012,-0.080,0.100,2.57,0.49,2.23,-82.794,-38.663,29.288,1,367
43441,1.016,-0.084,0.160,2.02,0.14,1.74,-79.921,-27.702,29.136,1,364
43461,1.000,-0.068,0.136,-2.92,2.02,1.67,-81.360,-26.567,29.336,1,347
43483,0.996,-0.064,0.132,1.32,0.35,2.99,-81.627,-25.868,29.336,1,337
43503,1.020,-0.080,0.124,2.50,1.04,2.23,-81.774,-32.831,29.336,1,338
43525,1.024,-0.068,0.128,2.16,2.43,2.64,-81.330,-25.908,29.336,1,340
43545,1.016,-0.068,0.144,0.14,2.23,2.02,-81.028,-25.280,29.336,1,369
43566,1.012,-0.068,0.136,0.42,2.85,2.57,-81.461,-26.567,29.203,1,390
43587,1.008,-0.072,0.136,0.70,2.50,2.64,-81.326,-27.899,29.279,1,390
43608,1.004,-0.072,0.136,1.46,1.95,2.64,-81.292,-27.899,29.162,1,363
43629,1.004,-0.076,0.140,0.28,2.30,2.92,-80.990,-28.498,29.385,1,340
43650,1.012,-0.072,0.128,0.63,2.23,2.71,-81.749,-29.360,29.422,1,306
43670,1.016,-0.064,0.136,-0.70,1.60,2.92,-80.988,-23.387,29.422,1,295
43692,1.016,-0.068,0.140,-0.49,2.71,2.78,-81.823,-27.982,29.422,1,290
43712,1.008,-0.064,0.132,0.35,1.25,3.20,-81.194,-25.908,29.422,1,283
43734,1.008,-0.072,0.136,-0.70,1.04,3.48,-81.326,-27.899,29.422,1,299
43754,1.012,-0.072,0.136,-1.60,1.32,3.83,-81.360,-27.899,29.370,1,324
43774,1.012,-0.072,0.128,-1.95,2.16,4.10,-81.749,-29.360,29.329,1,341
43796,1.004,-0.076,0.136,-1.04,1.67,3.48,-81.186,-29.200,29.310,1,349
43816,0.996,-0.080,0.136,0.00,0.97,2.85,-81.004,-30.468,29.208,1,355
43838,1.008,-0.080,0.148,-0.42,1.67,2.16,-81.186,-29.200,29.371,1,331
43858,1.004,-0.084,0.140,-0.21,1.18,2.30,-80.530,-28.395,29.371,1,321
43879,1.012,-0.080,0.144,-0.07,1.53,3.48,-80.990,-28.498,29.371,1,316
43900,1.004,-0.076,0.148,0.35,1.18,3.69,-80.597,-27.183,29.371,1,301
43921,1.000,-0.072,0.144,-0.49,1.88,3.41,-80.860,-26.567,29.371,1,311
43942,0.996,-0.080,0.140,-0.42,2.09,3.34,-80.810,-29.747,29.141,1,331
43963,1.000,-0.080,0.136,1.18,0.90,3.55,-81.040,-30.468,29.094,1,436
43983,1.000,-0.080,0.140,2.43,-0.49,3.48,-80.846,-29.747,29.176,1,263
44005,0.996,-0.076,0.136,0.42,-0.49,3.27,-81.421,-28.613,29.081,1,312
44025,1.004,-0.076,0.128,2.64,-1.53,2.71,-82.825,-34.698,29.124,1,334
44046,1.008,-0.068,0.112,1.88,-1.39,2.02,-80.335,-27.761,29.124,1,328
44067,1.004,-0.064,0.124,-3.13,2.09,2.16,-82.093,-27.302,29.124,1,325
44088,1.000,-0.068,0.128,0.07,0.63,3.48,-81.759,-27.982,29.124,1,316
44109,1.012,-0.080,0.136,0.83,0.63,2.43,-81.144,-30.468,29.124,1,324
44130,1.008,-0.084,0.120,0.70,2.92,2.71,-81.738,-34.995,29.049,1,359
44150,1.008,-0.084,0.132,0.63,2.30,2.37,-81.183,-32.474,29.095,1,388
44172,1.012,-0.080,0.132,0.63,1.81,2.71,-80.995,-31.704,29.045,0,399
44192,1.008,-0.080,0.144,0.70,0.56,2.23,-81.116,-29.200,29.198,0,404
44214,0.996,-0.072,0.136,2.02,0.35,2.16,-81.223,-27.899,29.234,0,355
44234,0.992,-0.072,0.132,2.64,-0.49,2.99,-81.387,-28.613,29.234,0,319
44255,0.992,-0.072,0.132,1.46,-1.25,3.20,-81.387,-28.613,29.234,0,296
44276,1.008,-0.072,0.120,2.92,-1.95,3.34,-82.102,-30.966,29.234,0,290
44297,1.020,-0.068,0.144,1.39,-2.02,2.92,-81.132,-25.280,29.234,0,292
44318,1.008,-0.072,0.104,1.60,-1.04,2.92,-82.481,-32.738,29.002,0,324
44339,1.012,-0.076,0.128,0.49,-0.70,2.92,-81.368,-31.221,29.214,0,340
44359,1.020,-0.080,0.124,-0.07,-0.14,2.57,-81.403,-33.277,29.140,0,351
44381,1.012,-0.072,0.136,-0.90,0.07,2.64,-81.360,-27.899,29.109,0,360
44401,1.020,-0.080,0.128,-0.21,0.63,3.13,-81.588,-32.008,29.183,0,337
44423,1.016,-0.072,0.128,0.28,0.83,3.06,-81.781,-29.360,29.138,0,320
44443,1.012,-0.076,0.128,0.14,1.25,2.99,-81.638,-30.702,29.138,0,309
44464,1.016,-0.072,0.132,0.28,1.60,2.85,-81.588,-28.613,29.138,0,310
44485,1.012,-0.072,0.124,0.42,1.32,2.99,-81.220,-29.200,29.138,0,298
44506,1.012,-0.080,0.136,-0.14,1.04,2.85,-81.638,-30.702,29.215,0,316
44527,1.012,-0.076,0.128,1.04,0.56,2.37,-81.593,-27.257,29.113,0,332
44548,1.008,-0.080,0.120,-0.49,0.90,1.95,-81.864,-33.693,28.967,0,346
44568,1.008,-0.076,0.124,0.49,0.28,1.74,-81.796,-31.507,29.167,0,474
44590,1.012,-0.072,0.124,0.97,0.35,1.32,-81.942,-30.144,29.032,0,189
44610,1.016,-0.072,0.136,0.35,-0.07,1.60,-81.393,-27.899,28.979,0,325
44632,1.012,-0.076,0.088,1.81,0.21,2.30,-83.452,-40.818,28.979,0,326
44652,1.012,-0.072,0.136,1.39,-0.07,1.74,-81.217,-32.474,28.979,0,320
44673,1.012,-0.076,0.128,-1.53,1.67,1.39,-82.352,-28.075,28.979,0,319
44694,1.000,-0.064,0.112,-0.42,0.97,2.37,-82.231,-28.075,28.979,0,349
44715,1.016,-0.088,0.128,2.92,-0.97,1.81,-81.314,-34.511,29.104,0,376
44736,1.016,-0.084,0.124,2.57,0.00,1.60,-81.620,-34.117,29.359,0,397
44756,1.020,-0.068,0.120,1.81,0.83,2.50,-82.305,-29.541,29.400,0,421
44777,1.020,-0.072,0.128,0.97,0.83,2.23,-81.813,-29.360,29.376,0,420
44798,1.020,-0.064,0.132,1.04,0.70,1.95,-81.822,-25.868,29.344,0,387
44819,1.012,-0.060,0.124,1.60,0.83,2.30,-82.082,-28.742,29.344,0,337
44840,1.012,-0.068,0.120,1.32,1.04,1.95,-82.054,-25.117,29.344,0,302
44861,1.016,-0.064,0.132,-0.35,1.88,1.81,-81.957,-26.567,29.344,0,284
44881,1.016,-0.068,0.140,0.90,0.90,1.74,-81.297,-25.908,29.344,0,306
44903,1.012,-0.060,0.116,-0.70,3.27,1.60,-82.653,-27.352,29.157,0,323
44923,1.004,-0.072,0.120,0.77,1.46,1.95,-82.071,-30.966,29.340,0,340
44945,1.012,-0.076,0.116,0.35,1.11,1.46,-82.203,-33.234,29.340,0,351
44965,1.016,-0.068,0.116,-0.14,1.11,1.81,-82.467,-30.381,29.373,0,344
44986,1.020,-0.068,0.120,0.07,1.46,1.60,-82.411,-28.075,29.330,0,322
45007,1.024,-0.064,0.120,0.14,1.95,1.95,-82.634,-28.889,29.330,0,309
45028,1.016,-0.068,0.120,-0.28,2.02,1.74,-82.382,-28.075,29.330,0,303
45049,1.016,-0.072,0.120,0.83,1.46,2.02,-82.164,-30.966,29.330,0,298
45070,1.008,-0.064,0.124,0.70,1.18,2.16,-82.124,-27.302,29.330,0,328
45090,1.008,-0.064,0.120,0.49,1.39,2.02,-82.322,-28.075,29.440,0,334
45112,1.012,-0.064,0.124,1.53,1.04,2.09,-82.155,-27.302,29.490,0,345
45132,1.012,-0.064,0.116,1.18,1.39,2.09,-82.548,-28.889,29.627,0,357
45154,1.012,-0.064,0.116,0.97,0.97,2.16,-82.580,-25.019,29.462,0,440
45174,1.020,-0.056,0.128,1.11,0.97,2.09,-82.085,-25.117,29.509,0,253
45195,1.012,-0.056,0.136,-1.46,0.97,1.88,-81.737,-22.382,29.509,0,232
45216,1.012,-0.064,0.100,2.16,0.70,1.67,-83.315,-32.622,29.509,0,317
45237,1.020,-0.056,0.124,1.25,0.77,2.57,-82.408,-24.306,29.509,0,318
45258,1.012,-0.064,0.132,-1.04,1.60,2.09,-81.758,-25.868,29.509,0,335
45279,1.004,-0.060,0.112,0.00,2.43,2.85,-82.793,-28.181,29.548,0,360
45299,1.000,-0.060,0.124,0.35,1.32,3.34,-82.163,-25.823,29.565,0,377
45321,1.016,-0.072,0.120,3.62,0.42,2.50,-82.353,-31.830,29.557,0,398
45341,1.020,-0.068,0.124,0.42,2.71,2.23,-82.292,-22.111,29.484,0,416
45362,1.020,-0.056,0.124,1.18,2.57,1.88,-82.408,-24.306,29.551,0,406
45383,1.020,-0.052,0.128,1.25,1.81,2.50,-82.292,-22.111,29.551,0,390
45404,1.012,-0.056,0.124,1.74,1.25,2.71,-82.349,-24.306,29.551,0,345
45425,1.012,-0.060,0.124,1.32,0.83,2.50,-82.255,-25.823,29.551,0,297
45446,1.012,-0.064,0.128,0.70,0.90,2.78,-81.957,-26.567,29.551,0,286
45466,1.016,-0.060,0.116,0.97,1.11,2.92,-82.054,-25.117,29.538,0,306
45488,1.016,-0.060,0.132,0.56,2.78,3.13,-82.382,-28.075,29.693,0,323
45508,1.012,-0.064,0.104,-1.18,3.27,3.27,-82.551,-25.019,29.564,0,338
45530,1.012,-0.068,0.120,0.63,2.57,3.48,-82.245,-29.541,29.495,0,346
45550,1.016,-0.060,0.116,-0.07,2.78,2.64,-82.681,-27.352,29.441,0,323
45571,1.020,-0.056,0.124,-0.42,2.50,3.13,-82.408,-24.306,29.441,0,313
45592,1.020,-0.056,0.128,-0.42,2.78,3.48,-82.207,-23.631,29.441,0,302
45613,1.016,-0.064,0.124,-0.07,2.85,3.13,-82.186,-27.302,29.441,0,296
45634,1.020,-0.068,0.128,0.14,2.71,2.99,-82.093,-27.302,29.441,0,291
45655,1.008,-0.068,0.124,0.35,2.85,2.85,-82.425,-26.567,29.619,0,330
45675,1.012,-0.060,0.124,0.35,2.85,3.06,-82.624,-27.352,29.641,0,336
45697,1.008,-0.064,0.120,0.70,2.78,2.85,-82.322,-28.075,29.692,0,338
45717,1.008,-0.064,0.116,-0.07,3.20,2.37,-82.518,-28.889,29.672,0,346
45739,1.020,-0.052,0.124,0.00,3.34,2.43,-82.496,-22.753,29.487,0,338
45759,1.020,-0.056,0.132,0.42,3.06,2.43,-82.004,-22.990,29.487,0,412
45779,1.012,-0.064,0.132,0.83,2.99,2.16,-81.758,-25.868,29.487,0,148
45801,1.012,-0.064,0.144,1.11,2.71,2.30,-82.352,-28.075,29.487,0,293
45821,1.012,-0.056,0.100,-1.60,4.17,3.34,-82.551,-25.019,29.487,0,297
45843,1.012,-0.076,0.132,1.25,3.20,2.23,-81.588,-28.613,29.475,1,330
45863,1.008,-0.052,0.124,-2.09,5.50,2.71,-82.408,-22.753,29.530,1,357
45884,1.008,-0.056,0.132,1.67,3.55,3.69,-81.910,-22.990,29.694,1,375
45905,1.012,-0.080,0.132,2.85,2.64,2.43,-81.334,-31.221,29.725,1,396
45926,1.016,-0.068,0.136,2.30,3.76,1.95,-81.494,-26.567,29.787,1,397
45947,1.020,-0.060,0.132,2.30,4.17,1.53,-81.915,-24.446,29.776,1,402
45968,1.020,-0.056,0.132,1.95,4.38,1.60,-81.851,-20.926,29.776,1,398
45989,1.012,-0.052,0.136,1.53,3.83,2.02,-81.895,-19.441,29.776,1,372
46010,1.012,-0.052,0.132,0.70,3.13,2.43,-81.336,-19.857,29.776,1,322
46030,1.000,-0.056,0.144,1.04,2.16,2.78,-81.223,-21.252,29.744,1,320
46052,1.008,-0.064,0.132,2.30,2.02,2.43,-81.726,-25.868,29.811,1,327
46072,1.016,-0.060,0.152,1.39,1.11,2.43,-80.869,-21.543,29.967,1,337
46094,1.012,-0.064,0.128,0.28,2.37,2.71,-81.957,-26.567,29.823,1,350
46114,1.024,-0.060,0.152,-0.14,1.88,2.64,-80.939,-21.543,29.880,1,340
46135,1.024,-0.060,0.148,0.00,2.09,2.50,-80.812,-19.748,29.900,1,322
46156,1.020,-0.056,0.160,-2.64,2.37,2.85,-80.432,-17.594,29.900,1,311
46177,1.016,-0.060,0.156,-2.85,2.37,3.69,-80.664,-21.039,29.900,1,298
46197,1.008,-0.056,0.148,-3.90,1.81,4.03,-81.084,-20.727,29.900,1,292
46219,1.004,-0.068,0.148,-2.30,1.18,3.90,-80.791,-24.679,29.900,1,311
46239,1.004,-0.060,0.144,-1.39,-0.14,3.76,-81.174,-22.622,29.767,1,337
46261,1.004,-0.060,0.136,-1.32,-0.42,3.48,-81.584,-23.808,29.566,1,349
46281,1.004,-0.060,0.140,-1.95,0.21,3.62,-81.492,-25.203,29.702,1,346
46302,1.016,-0.060,0.128,-2.37,0.56,3.34,-82.057,-21.503,29.746,1,337
46323,1.008,-0.056,0.128,-2.71,0.42,3.20,-81.531,-21.803,29.810,1,323
46344,1.016,-0.064,0.140,-0.90,-0.56,2.92,-81.391,-24.569,29.810,1,461
46365,1.016,-0.064,0.144,-1.11,-0.97,2.71,-81.190,-23.964,29.810,1,168
46386,1.012,-0.064,0.148,-1.46,-1.25,2.78,-80.953,-23.387,29.810,1,283
46406,1.012,-0.064,0.092,-0.35,0.00,2.99,-83.687,-34.827,29.810,1,330
46428,1.012,-0.072,0.144,-1.11,0.21,2.30,-80.967,-26.567,29.637,1,350
46448,1.008,-0.072,0.132,-3.55,1.32,2.43,-82.227,-24.306,29.612,1,369
46470,1.004,-0.064,0.124,-0.21,0.35,3.20,-81.942,-22.990,29.529,1,382
46490,1.012,-0.068,0.132,1.25,0.28,2.64,-81.620,-28.613,29.502,1,389
46511,1.020,-0.076,0.124,0.56,1.81,2.71,-81.891,-31.507,29.517,1,379
46532,1.020,-0.064,0.136,1.11,1.67,3.55,-81.623,-25.203,29.517,1,382
46553,1.016,-0.056,0.136,-0.49,1.74,2.23,-81.769,-22.382,29.517,1,383
46574,1.012,-0.060,0.136,1.53,0.90,2.43,-81.650,-23.808,29.517,1,362
46595,1.008,-0.060,0.136,0.97,0.70,1.95,-81.617,-23.808,29.517,1,339
46615,1.000,-0.064,0.136,0.35,0.49,2.57,-81.693,-25.868,29.444,1,326
46637,1.008,-0.068,0.128,0.28,1.18,2.78,-82.577,-28.889,29.612,1,326
46657,1.012,-0.060,0.128,-0.70,1.88,2.99,-81.243,-22.622,29.634,1,335
46679,1.016,-0.068,0.120,0.21,2.85,2.57,-82.275,-29.541,29.585,1,336
46699,1.012,-0.060,0.140,-0.49,1.95,2.50,-81.447,-23.200,29.667,1,315
46720,1.020,-0.068,0.132,1.39,1.32,2.85,-81.723,-27.257,29.667,1,306
46741,1.020,-0.060,0.136,-0.77,1.81,2.43,-81.715,-23.808,29.667,1,298
46761,1.012,-0.052,0.128,-1.53,3.34,3.34,-82.232,-22.111,29.667,1,290
46783,1.020,-0.060,0.124,-1.39,3.83,3.41,-82.085,-25.117,29.667,1,301
46803,1.012,-0.060,0.136,-0.21,3.83,2.92,-81.758,-25.868,29.600,1,325
46824,1.012,-0.068,0.132,1.74,3.97,2.64,-81.263,-25.908,29.513,1,340
46845,1.004,-0.068,0.136,1.39,3.76,2.50,-81.394,-26.567,29.636,1,360
46866,1.008,-0.064,0.132,2.02,3.20,2.92,-81.726,-25.868,29.536,1,354
46887,1.016,-0.060,0.124,1.39,3.41,3.20,-82.285,-25.823,29.456,1,330
46908,1.012,-0.056,0.136,0.49,3.34,3.13,-81.737,-22.382,29.456,1,318
46928,1.008,-0.056,0.136,1.25,2.64,2.99,-81.705,-22.382,29.456,1,400
46950,1.012,-0.064,0.136,2.43,2.43,2.43,-81.758,-25.868,29.456,1,225
46970,1.020,-0.056,0.148,1.18,2.85,2.23,-80.626,-24.104,29.456,1,246
46992,1.008,-0.064,0.144,2.50,4.10,2.23,-83.192,-34.218,29.645,1,332
47012,1.008,-0.080,0.168,3.55,3.20,2.57,-79.547,-25.465,29.754,1,350
47033,1.000,-0.064,0.132,-2.09,4.59,2.09,-81.660,-25.868,29.692,1,364
47054,0.988,-0.056,0.124,-0.07,3.34,2.85,-82.165,-24.306,29.772,1,375
47075,1.016,-0.056,0.136,2.85,2.16,2.50,-81.769,-22.382,29.774,1,357
47096,1.020,-0.060,0.136,1.39,4.10,2.78,-81.715,-23.808,29.774,1,351
47117,1.020,-0.056,0.156,0.77,4.17,2.99,-80.497,-19.291,29.774,1,353
47137,1.016,-0.056,0.156,-0.42,3.48,3.27,-80.560,-16.700,29.774,1,353
47159,1.012,-0.056,0.156,0.63,2.99,3.69,-81.243,-22.622,29.774,1,346
47179,1.004,-0.064,0.140,1.39,2.30,3.41,-81.289,-24.569,29.663,1,342
47201,1.000,-0.068,0.156,1.25,2.50,3.34,-80.348,-23.554,29.772,1,334
47221,1.004,-0.068,0.148,1.39,3.27,3.20,-80.791,-24.679,29.754,1,336
47242,1.012,-0.068,0.136,1.81,3.48,2.37,-81.461,-26.567,29.863,1,346
47263,1.008,-0.068,0.168,1.74,4.03,0.70,-79.813,-22.038,29.742,1,321
47284,1.000,-0.056,0.132,0.77,4.03,0.63,-81.188,-21.252,29.742,1,310
47305,1.000,-0.060,0.152,2.02,2.37,0.83,-81.003,-22.070,29.742,1,305
47326,1.004,-0.044,0.152,0.14,2.37,1.18,-81.049,-16.146,29.742,1,303
47346,1.004,-0.056,0.148,-0.07,2.50,2.50,-81.049,-20.727,29.742,1,296
47368,1.008,-0.064,0.152,-0.42,2.23,3.34,-80.714,-22.835,29.808,1,321
47388,1.008,-0.056,0.148,-2.16,1.95,4.03,-81.084,-20.727,29.799,1,335
47410,0.996,-0.060,0.152,-1.39,1.53,3.76,-80.688,-21.543,29.905,1,348
47430,1.000,-0.064,0.148,-1.88,1.25,4.59,-80.435,-22.308,29.785,1,365
47451,1.000,-0.068,0.152,-0.97,0.63,4.45,-80.295,-24.777,29.838,1,334
47472,1.012,-0.072,0.152,-1.18,0.90,4.17,-80.626,-24.104,29.870,1,319
47493,1.000,-0.060,0.152,-1.53,1.11,4.10,-80.725,-21.543,29.870,1,306
47514,1.000,-0.072,0.144,-0.56,0.70,4.45,-80.860,-26.567,29.870,1,376
47535,0.992,-0.072,0.140,-0.35,0.21,3.69,-80.988,-27.218,29.870,1,225
47555,0.976,-0.068,0.152,0.49,-2.16,3.90,-80.324,-24.104,29.891,1,257
47577,0.980,-0.076,0.144,5.50,-4.03,3.55,-80.573,-27.826,29.565,1,337
47597,0.984,-0.056,0.148,4.59,-6.05,5.01,-80.560,-27.183,29.587,0,355
47619,1.008,-0.068,0.128,0.42,-3.83,4.24,-82.287,-22.753,29.586,0,362
47639,0.992,-0.052,0.112,-0.35,-2.71,5.50,-82.613,-21.803,29.718,0,355
47660,1.016,-0.076,0.128,2.85,-3.55,3.41,-81.670,-30.702,29.608,0,341
47681,1.024,-0.068,0.124,1.67,-0.56,2.23,-82.143,-28.742,29.608,0,344
47702,1.028,-0.068,0.144,-0.28,1.39,2.37,-81.200,-25.280,29.608,0,349
47723,1.024,-0.068,0.148,-0.21,0.90,3.13,-80.968,-24.679,29.608,0,356
47744,1.012,-0.072,0.144,0.77,0.49,3.06,-80.967,-26.567,29.608,0,371
47765,1.012,-0.076,0.144,1.39,0.21,2.02,-81.292,-27.899,29.461,0,361
47785,1.000,-0.076,0.136,1.32,0.00,1.67,-80.922,-25.280,29.487,0,349
47806,1.004,-0.068,0.144,0.56,0.49,1.32,-81.323,-24.569,29.545,0,348
47827,1.016,-0.052,0.152,1.39,0.56,2.43,-81.021,-18.887,29.525,0,340
47848,1.016,-0.064,0.148,1.46,0.90,1.39,-80.988,-23.387,29.603,0,323
47868,1.004,-0.056,0.136,0.63,-0.07,2.02,-81.672,-22.382,29.603,0,314
47890,1.008,-0.064,0.140,2.30,-2.02,1.81,-81.323,-24.569,29.603,0,304
47910,1.016,-0.072,0.136,1.74,-2.37,2.02,-81.393,-27.899,29.603,0,298
47932,1.008,-0.060,0.128,1.39,-1.81,2.57,-81.659,-27.257,29.603,0,318
47952,1.016,-0.072,0.120,0.70,-0.42,2.71,-81.957,-26.567,29.648,0,332
47973,1.016,-0.064,0.120,0.14,0.21,2.57,-81.918,-27.982,29.725,0,348
47994,1.012,-0.060,0.132,0.00,0.07,2.57,-81.852,-24.446,29.581,0,361
48015,1.004,-0.056,0.124,0.00,0.28,2.50,-82.289,-24.306,29.539,0,366
48035,1.012,-0.052,0.128,0.63,0.07,2.78,-82.232,-22.111,29.529,0,336
48057,1.016,-0.056,0.128,0.28,0.14,2.71,-82.176,-23.631,29.529,0,330
48077,1.012,-0.052,0.124,-0.56,0.63,2.57,-82.438,-22.753,29.529,0,328
48099,1.012,-0.056,0.128,0.14,0.90,2.02,-82.116,-25.117,29.529,0,407
48119,1.012,-0.060,0.128,0.07,0.90,2.09,-81.494,-26.567,29.529,0,246
48140,1.016,-0.064,0.128,-0.49,0.42,2.16,-81.413,-23.200,29.659,0,291
48161,1.020,-0.068,0.108,2.09,0.49,1.32,-82.874,-32.198,29.573,0,386
48182,1.012,-0.064,0.128,0.49,0.14,2.09,-81.957,-26.567,29.680,0,401
48203,1.012,-0.072,0.136,-0.63,0.49,1.04,-81.360,-27.899,29.526,0,410
48224,1.004,-0.052,0.104,-2.50,2.57,2.37,-83.400,-26.567,29.584,0,384
48244,1.016,-0.052,0.128,0.70,0.42,2.64,-82.262,-22.111,29.584,0,377
48266,1.020,-0.076,0.120,2.57,0.49,1.74,-82.305,-29.541,29.584,0,375
48286,1.024,-0.068,0.128,2.50,1.11,1.74,-82.315,-25.823,29.584,0,375
48308,1.024,-0.060,0.128,0.90,1.67,1.46,-82.285,-25.823,29.584,0,393
48328,1.008,-0.068,0.120,2.57,1.18,1.95,-82.215,-29.541,29.610,0,405
48349,1.008,-0.060,0.124,2.85,0.90,1.81,-82.224,-25.823,29.729,0,384
48370,1.008,-0.064,0.128,1.11,1.53,2.43,-81.926,-26.567,29.857,0,357
48391,1.004,-0.060,0.124,0.21,1.74,2.92,-82.194,-25.823,29.848,0,348
48412,1.020,-0.056,0.120,1.74,1.04,2.85,-82.609,-25.019,29.749,0,319
48433,1.020,-0.048,0.132,0.63,3.13,2.50,-83.103,-24.907,29.749,0,305
48453,1.016,-0.052,0.112,1.32,1.60,2.92,-81.851,-20.926,29.749,0,296
48475,1.016,-0.060,0.132,1.53,1.18,2.30,-82.580,-25.019,29.749,0,287
48495,1.012,-0.052,0.128,0.00,1.81,2.23,-82.232,-22.111,29.749,0,285
48517,1.004,-0.052,0.124,-1.11,2.30,1.95,-82.378,-22.753,29.661,0,305
48537,1.024,-0.060,0.116,1.18,2.09,2.23,-82.738,-27.352,30.000,0,315
48558,1.024,-0.052,0.128,-0.21,2.43,2.71,-82.322,-22.111,29.837,0,321
48579,1.012,-0.064,0.128,0.49,2.